"","Factor1","Factor2","Factor3","Factor4","Factor5","Factor6","Factor7","Factor8","Factor9","Factor10","Factor11","Factor12","Factor13","Factor14","Factor15"
"Apoptosis",1,1,1,0.358199466368672,0.929106823106993,1,0.0436594459153487,1,0.498876604070962,0.929469498654131,0.699075600671349,0.9090971493194,1,1,1
"Hemostasis",1,1,1,0.762186098961506,0.979524443425897,1,0.915595642362072,1,0.00172922459968772,0.929469498654131,1,0.668060563314031,1,1,1
"PI3K Cascade",0.921251407091753,1,1,1,0.852791930724751,1,0.919089588687991,0.632265766837572,1,1,0.80824047284598,1,0.726591343041619,1,1
"Apoptotic cleavage of cellular proteins",1,1,0.752959696374978,0.464218246905225,0.919053102052282,1,0.0981451221592435,1,1,0.970561652366961,0.869225116577172,1,0.96760519764708,1,1
"Opioid Signalling",0.973385125703499,1,0.638566224691739,1,0.141290915194713,0.528636019956353,1,0.623418153323383,1,0.509284016698543,1,1,0.897698798953138,1,1
"G-protein mediated events",0.921251407091753,0.838616187500603,0.765841648644933,1,0.00489691075342344,0.0927724905382552,1,0.966813171481019,0.690805874243145,0.343370803116762,1,0.942964541216242,0.765391567880823,1,1
"PLC beta mediated events",0.921251407091753,0.838616187500603,0.765841648644933,1,0.00489691075342344,0.0927724905382552,1,0.966813171481019,0.690805874243145,0.343370803116762,1,0.942964541216242,0.765391567880823,1,1
"Neurotransmitter Release Cycle",1,0.833324504284319,1,1,1,0.948401879880456,0.877877699409339,1,0.712249131272169,0.985205423606217,1,0.927751432806354,1,0.44078017728597,0.636292343348971
"Neurotransmitter Receptor Binding And Downstream Transmission In The  Postsynaptic Cell",0.973385125703499,1,0.830041469265514,0.917931111276945,0.838226471305104,0.743850095325499,1,0.645886938241375,1,0.220246466998626,1,0.981272239070455,0.899062203938796,1,1
"Transmission across Chemical Synapses",0.973385125703499,0.838616187500603,0.875398546420905,1,0.768099150307028,0.834548185187571,1,0.893239179502612,1,0.509284016698543,1,0.921163461149592,0.994088277809021,0.956645453154011,0.807399016894532
"Neuronal System",0.973385125703499,0.838616187500603,0.752959696374978,1,0.733032839940415,0.884698710906838,1,0.515065107074317,1,0.726160774246008,1,1,0.928224049539804,0.987401080721962,0.799776896170416
"IRS-mediated signalling",0.9357637228035,0.876535352100912,1,1,1,0.948401879880456,0.243154009965696,1,0.493480144604868,1,0.699075600671349,1,0.764292392698973,0.966631533783508,1
"RAF-independent MAPK1/3 activation",0.995948269535741,0.838616187500603,0.887275806781224,1,1,1,1.56061634127484e-06,0.871820977525699,1,1,0.699075600671349,0.433563869050323,0.935464648288307,0.92258318159625,1
"SOS-mediated signalling",0.921251407091753,0.838616187500603,1,1,1,0.948401879880456,0.243154009965696,1,0.493480144604868,1,0.767455918976054,1,0.848670067684616,0.937899282618852,1
"GPVI-mediated activation cascade",1,0.491239618238215,0.752959696374978,1,1,1,0.963527372318109,1,0.526887127971355,0.929469498654131,0.781216593375754,1,1,0.947588681065154,1
"Platelet degranulation ",1,1,1,1,0.90299778207443,1,1,1,9.39553638625754e-05,0.853351693818759,1,1,1,0.973505781259604,0.969891128191989
"Downstream signaling events of B Cell Receptor (BCR)",1,1,1,1,1,1,0.316069553659178,0.966813171481019,0.493480144604868,1,0.699075600671349,1,0.764292392698973,0.966631533783508,1
"ISG15 antiviral mechanism",0.995552494593061,1,1,1,0.99396395007802,0.680914347463731,0.417519171140256,1,1,0.95982886716971,0.841950613330053,1,1,1,1
"Antiviral mechanism by IFN-stimulated genes",0.995552494593061,1,1,1,0.99396395007802,0.680914347463731,0.417519171140256,1,1,0.95982886716971,0.841950613330053,1,1,1,1
"Meiotic synapsis",1,1,1,1.77808410570597e-05,1,1,0.373073505181829,1,1,0.95982886716971,1,0.781044548100665,1,1.62567479054139e-07,1
"Signaling by FGFR in disease",0.938876804418432,1,1,1,1,0.777579913015818,1,0.963100707207495,1,0.929469498654131,0.991782288283951,1,0.759427439575813,1,1
"Signaling by ERBB2",0.921251407091753,1,1,0.561525963559874,0.985858763806215,0.743850095325499,0.699427959019304,1,0.0958649745296012,0.726160774246008,0.699075600671349,0.9090971493194,1,0.950222966960289,1
"Antigen processing-Cross presentation",1,1,0.998690059361523,1,0.570272493242562,0.884698710906838,1,1,9.09553476996838e-09,1,0.778985982256586,1,0.894385538767329,0.966268783111832,1
"Erythrocytes take up carbon dioxide and release oxygen",1,1,1,1,1,1,1,1,1,0.509284016698543,1,1,0.726591343041619,1,1
"PIP3 activates AKT signaling",0.973385125703499,1,0.986781973684315,1,1,1,0.571323165574295,0.867869356168613,0.425757877664942,1,0.762393769336534,1,1,1,1
"Developmental Biology",1,1,0.752959696374978,0.199118483136906,1,0.990217724642565,0.243154009965696,1,1,0.929469498654131,1,1,1,0.32485575850881,1
"Cytokine Signaling in Immune system",1,1,0.94669729358459,1,1,0.973619099406448,0.00119255112006293,1,1.60017016727075e-06,0.997048169789662,0.699075600671349,0.58857554409723,1,1,1
"Adaptive Immune System",1,1,0.582184544694876,1,0.390918157315781,1,0.385765767867897,1,0.000217036550906751,1,0.699075600671349,0.0740558178533471,1,0.5382115903339,1
"Inwardly rectifying K+ channels",0.973385125703499,0.181852379145354,0.80675822073567,1,1,1,1,0.864136638555685,1,0.929469498654131,1,1,1,1,0.963080044642193
"Potassium Channels",1,0.838616187500603,0.752959696374978,1,1,1,1,0.625885732842932,1,0.967524523336378,1,1,0.898666762351473,0.953947061914234,1
"Voltage gated Potassium channels",1,1,0.638566224691739,1,1,1,1,0.39173394189275,1,0.954359248457162,1,1,0.726591343041619,0.92258318159625,0.922249480322024
"BMAL1:CLOCK,NPAS2 activates circadian gene expression",0.973385125703499,0.745016674246974,0.38009937140085,1,1,1,3.96310676098861e-07,1,1,1,1,1,0.759427439575813,0.92258318159625,1
"Intrinsic Pathway of Fibrin Clot Formation",1,1,1,1,1,1,1,1,0.809323452301555,1,1,1,0.941671005741709,0.944638665282935,0.733485242508434
"Common Pathway of Fibrin Clot Formation",1,0.991154809396689,1,1,1,1,1,1,0.138595860951468,0.929469498654131,1,1,0.941671005741709,1,1
"Formation of Fibrin Clot (Clotting Cascade)",1,1,1,1,1,1,1,1,0.0355753271269187,0.994324371435758,1,1,0.793478693619149,1,0.819595711081036
"Metabolism",0.921251407091753,0.916176170230795,0.827036954570265,1,1,0.884698710906838,0.877877699409339,0.867869356168613,0.340174077889403,1,1,0.913947534372686,1,1,1
"Signaling by SCF-KIT",0.921251407091753,0.838616187500603,0.805064124150259,1,1,0.884698710906838,0.0661547596200142,0.966813171481019,0.683250407876248,1,0.740849229240549,1,0.765391567880823,1,1
"Regulation of KIT signaling",0.941274463045623,1,0.638566224691739,1,0.923094791540416,0.884698710906838,0.531801763136218,1,1,1,1,1,0.788275402133454,1,1
"Collagen degradation",1,0.482252486709344,1,0.999541596699227,1,1,0.751571372404771,1,0.964567308333699,1,0.802282748390526,1,0.726591343041619,0.841086927536784,1
"Translocation of GLUT4 to the plasma membrane",1,0.692385435554933,0.830041469265514,1.19053167101674e-17,1,0.975778416964785,0.00119255112006293,1,1,1,1,0.320631367457142,1,0.00509495113580048,1
"Degradation of the extracellular matrix",1,0.482252486709344,1,0.928502310374258,1,1,1,1,0.610227565612001,0.931311470322725,1,1,0.764292392698973,0.92258318159625,1
"Extracellular matrix organization",0.973385125703499,0.533507482598585,1,1,0.97831321361693,0.964121468307994,1,0.966813171481019,0.493480144604868,0.726160774246008,1,1,0.858369239096864,1,0.922249480322024
"Collagen formation",1,0.969352988603476,1,1,1,1,1,1,1,1,1,1,1,0.92258318159625,1
"O2/CO2 exchange in erythrocytes",1,1,1,1,1,1,1,1,1,0.509284016698543,1,1,0.726591343041619,1,1
"Acyl chain remodelling of PE",0.973385125703499,0.991154809396689,0.764312928227218,1,0.981999844035136,0.0245969775538977,1,1,0.61012280951617,1,1,0.983964308090116,1,1,1
"Glycerophospholipid biosynthesis",0.873518379258882,0.916176170230795,0.845593362179372,1,0.852791930724751,0.102777093856083,1,0.966813171481019,0.802685593144212,0.87895008279697,1,1,1,1,1
"Inositol phosphate metabolism",0.988697214602234,0.897041313641161,0.752959696374978,1,0.702723663253215,0.974494496892179,1,0.645886938241375,1,0.997048169789662,1,1,1,1,1
"PI Metabolism",1,1,0.642170549585863,1,0.920799376633248,1,0.563584667894224,0.845602388073427,1,1,0.699075600671349,1,0.993004839365602,0.92258318159625,1
"Phospholipid metabolism",0.921251407091753,1,0.732399537372303,1,0.852791930724751,0.680914347463731,0.892601047256611,0.850993497346849,1,0.929469498654131,1,1,1,1,1
"Meiosis",1,1,1,2.97792577140615e-05,1,1,0.523620750978141,1,1,0.844633445038524,1,0.776739496100465,1,3.82572066083543e-06,1
"Cell-Cell communication",1,1,1,1,1,0.974494496892179,0.877877699409339,0.735422021521995,1,0.929469498654131,1,1,1,1,0.733485242508434
"Phase II conjugation",0.965039012553306,0.838616187500603,1,1,0.920799376633248,1,1,1,0.763273801738277,0.929469498654131,1,1,1,1,1
"Glutathione conjugation",1,0.937663182635798,1,1,1,1,1,0.845113034679278,0.543063259681416,0.726160774246008,1,0.963130459129411,1,1,1
"Elastic fibre formation",1,0.838616187500603,0.865921463910232,1,0.95148017116668,0.884698710906838,1,1,1,0.814886402581701,1,1,0.726591343041619,0.955650195494232,1
"Signaling by NOTCH",1,1,0.07014258715804,1,1,1,0.950835761187036,0.395986109573287,1,1,0.719653216999229,1,1,0.937528920984989,0.77531106828556
"Telomere Maintenance",0.973385125703499,1,1,0.000119342545971193,1,1,1,1,1,0.907732002383493,1,0.354389640050211,1,1.31248459089728e-08,1
"Gap junction trafficking and regulation",1,1,1,2.29776595022464e-08,1,1,0.243154009965696,1,1,1,1,1,0.941671005741709,0.174114061757821,1
"Metabolism of nucleotides",0.921251407091753,0.838616187500603,0.638566224691739,0.784491388442086,0.980209997691596,1,1,0.95088343889052,0.946292977509424,1,1,0.749416271469753,1,0.92258318159625,1
"Activation of Matrix Metalloproteinases",0.938876804418432,0.482252486709344,1,0.807237617162176,1,1,1,1,0.625945807468801,0.929469498654131,1,1,1,1,0.776549978723462
"Signal Transduction",1,1,0.765067428521458,0.976318922445146,1,0.928361436858696,0.00715377264616776,0.966813171481019,0.493480144604868,0.853351693818759,0.903257594227425,1,1,0.952844977368496,1
"HIV Infection",1,1,0.638566224691739,1,0.734016693061691,0.974494496892179,0.99344297885557,0.634923976065258,1,0.929469498654131,0.794288248168564,0.354627114529264,1,0.507686537777352,1
"Host Interactions of HIV factors",1,1,0.950817789894691,1,0.49201541306836,1,1,1,1,1,0.699075600671349,0.154227648538868,1,0.0540621732700753,1
"Glycosaminoglycan metabolism",0.951649749954291,1,0.800775121328508,1,0.912712148379288,0.948401879880456,1,0.966813171481019,0.105945626526212,1,0.970053251061347,1,1,1,1
"Post-translational modification: synthesis of GPI-anchored proteins",1,1,1,1,1,1,1,1,0.511760567406524,1,1,0.942956125372729,0.793478693619149,1,0.806061042319234
"Glucagon signaling in metabolic regulation",0.951649749954291,1,0.0306608658634399,0.959532221758216,1,0.743850095325499,1,0.735422021521995,1,0.844633445038524,1,0.942964541216242,0.790261057831926,1,1
"Integration of energy metabolism",0.973385125703499,0.482252486709344,0.582184544694876,0.867298995767038,0.851736157291333,0.937082740193664,1,0.77396864983529,1,0.889291826049683,1,0.89396850501489,1,0.92258318159625,1
"Keratan sulfate/keratin metabolism",0.995552494593061,1,1,1,1,1,1,0.643583842921317,0.655724535279611,1,0.98173484123228,0.913947534372686,1,1,0.833332549641269
"Heparan sulfate/heparin (HS-GAG) metabolism",0.973385125703499,0.838616187500603,1,1,0.852791930724751,0.680914347463731,0.877877699409339,1,0.130118619492569,1,1,1,1,1,1
"Cell Cycle",1,0.999804251312358,1,9.11223500014691e-06,1,1,0.000546718545541758,1,1,0.889291826049683,1,5.35639877782547e-12,0.818624383491669,0.0127939637143241,1
"Disease",1,0.962704013520131,0.845593362179372,1,0.933166846575576,0.743850095325499,0.328050881812047,0.735422021521995,0.0261717851336057,0.929469498654131,0.935244690839864,1,1,0.928479938629071,1
"Collagen biosynthesis and modifying enzymes",0.973385125703499,0.824272123950025,1,1,1,0.948401879880456,0.99344297885557,1,1,1,1,1,0.941671005741709,0.966631533783508,1
"Regulation of cholesterol biosynthesis by SREBP (SREBF)",1,0.0977199695641024,1,0.5262126535106,0.814403675844228,0.901090758957822,0.0270270468805102,0.694774014702933,1,0.726160774246008,0.933613605955923,0.9090971493194,0.726591343041619,1,1
"Toll Like Receptor 4 (TLR4) Cascade",1,1,0.752959696374978,1,1,1,0.776644700141637,0.968716347953881,0.000497467033768324,1,0.767455918976054,1,1,0.860777567196066,1
"Synthesis of PIPs at the plasma membrane",1,1,0.639070088156682,1,0.852791930724751,1,0.468499227657078,0.966813171481019,1,1,0.699075600671349,1,0.787782185856427,1,0.966796002536855
"Activated TLR4 signalling",1,1,0.900116755054562,0.873581740770762,1,1,0.402272490696664,0.966813171481019,0.000300110809757533,1,0.699075600671349,1,1,0.488043882916193,1
"MyD88:Mal cascade initiated on plasma membrane",1,1,0.830041469265514,0.818401588109745,1,0.974494496892179,0.339864554125904,0.966813171481019,9.59108529815924e-05,1,0.699075600671349,1,1,0.583999238241171,1
"Sphingolipid de novo biosynthesis",0.938876804418432,0.969054837033087,0.781233094770467,1,0.566423416729595,0.743850095325499,1,0.935711957154999,1,0.997048169789662,1,0.588842495701261,1,1,1
"MyD88-independent TLR3/TLR4 cascade ",0.973385125703499,1,1,0.623204043318605,1,1,0.25509188959485,0.966813171481019,0.0990352550929176,1,0.699075600671349,1,1,0.488043882916193,1
"Signalling by NGF",0.921251407091753,0.797370559722531,0.752959696374978,1,1,0.680914347463731,0.0891796464003685,0.975416798191008,0.896636790609026,1,0.934706925657181,1,0.787782185856427,1,1
"Complement cascade",1,0.838616187500603,0.994609909172335,1,0.712221335322824,1,1,1,1.63566970472289e-06,0.924298027731775,1,1,1,0.956645453154011,0.822017666198508
"Initial triggering of complement",1,0.838616187500603,1,1,0.852791930724751,1,1,1,2.17058918837033e-05,0.993055789971938,1,0.9090971493194,1,0.956645453154011,0.636292343348971
"Signalling to RAS",0.921251407091753,0.838616187500603,1,1,1,0.884698710906838,0.269143417212219,1,0.493480144604868,1,0.793531550367015,1,0.899062203938796,0.937528920984989,1
"Toll Like Receptor 9 (TLR9) Cascade",0.941274463045623,1,0.994609909172335,0.67222219442937,1,0.948401879880456,0.301914553542508,0.966813171481019,0.0355753271269187,0.997048169789662,0.762393769336534,1,1,0.854153694298364,1
"Toll Like Receptor 10 (TLR10) Cascade",0.973385125703499,1,0.844267941877808,0.550968922168587,1,0.975324499902382,0.291180717049152,1,0.568403746943306,1,0.991782288283951,1,1,0.381961191807142,1
"Toll Like Receptor 3 (TLR3) Cascade",0.973385125703499,1,1,0.623204043318605,1,1,0.25509188959485,0.966813171481019,0.0990352550929176,1,0.699075600671349,1,1,0.488043882916193,1
"Toll Like Receptor 5 (TLR5) Cascade",0.973385125703499,1,0.844267941877808,0.550968922168587,1,0.975324499902382,0.291180717049152,1,0.568403746943306,1,0.991782288283951,1,1,0.381961191807142,1
"Toll Like Receptor TLR1:TLR2 Cascade",1,1,0.858077805420849,0.854099334844855,1,1,0.400092610815026,0.966813171481019,0.000164460399133521,1,0.719653216999229,1,1,0.674157090999062,1
"Toll Like Receptor 7/8 (TLR7/8) Cascade",0.941274463045623,1,0.994609909172335,0.67222219442937,1,0.948401879880456,0.301914553542508,0.966813171481019,0.0355753271269187,0.997048169789662,0.762393769336534,1,1,0.854153694298364,1
"Toll Like Receptor TLR6:TLR2 Cascade",1,1,0.830041469265514,0.818401588109745,1,0.974494496892179,0.339864554125904,0.966813171481019,9.59108529815924e-05,1,0.699075600671349,1,1,0.583999238241171,1
"Innate Immune System",1,0.951455275126519,0.918174517462266,1,1,1,1,1,9.01324312297304e-57,0.830718114136172,0.719653216999229,1,1,0.966631533783508,1
"Immune System",1,1,0.732399537372303,1,1,1,0.195670943677276,1,1.36934149030574e-46,0.929469498654131,0.699075600671349,0.418985763889305,1,0.966631533783508,1
"Nucleotide-binding domain, leucine rich repeat containing receptor (NLR) signaling pathways",0.938876804418432,1,1,1,1,0.680914347463731,0.941708689004133,1,0.348342682123449,0.929469498654131,1,0.981272239070455,1,1,1
"Toll-Like Receptors Cascades",1,1,0.830041469265514,1,1,1,0.882517360400186,1,2.04073306229332e-11,1,0.991782288283951,0.981272239070455,1,0.92258318159625,1
"RIG-I/MDA5 mediated induction of IFN-alpha/beta pathways",1,1,0.900773197308462,1,1,0.948401879880456,0.629269847344254,1,0.728762502350198,0.959109597953432,1,0.588842495701261,1,1,1
"Prolonged ERK activation events",0.921251407091753,0.797370559722531,1,1,1,0.948401879880456,0.243154009965696,1,0.493480144604868,1,0.778361755362858,1,0.88736175497084,0.944638665282935,1
"Signaling by TGF-beta Receptor Complex",1,0.797370559722531,0.0306608658634399,0.55430563574743,0.966257784804223,0.884698710906838,0.00872341564557254,0.480230661632013,1,0.830718114136172,0.699075600671349,0.811550492382465,1,0.86943570921394,1
"Frs2-mediated activation",0.921251407091753,0.797370559722531,1,1,1,0.948401879880456,0.243154009965696,1,0.493480144604868,1,0.778361755362858,1,0.88736175497084,0.944638665282935,1
"ARMS-mediated activation",0.921251407091753,0.797370559722531,1,1,1,0.948401879880456,0.243154009965696,1,0.493480144604868,1,0.778361755362858,1,0.88736175497084,0.944638665282935,1
"Packaging Of Telomere Ends",0.989663863940107,1,1,0.000436694182774353,1,1,1,1,1,0.940162653994844,1,0.430051936112787,1,4.93856874682853e-09,1
"Lipoprotein metabolism",0.92773034617844,0.999600191184885,0.752959696374978,0.663929428733043,1,0.996711552575495,0.399851884518316,1,1,1,0.699075600671349,0.632458833450419,1,0.372711988210414,1
"Signaling by EGFR",0.921251407091753,0.838616187500603,0.845593362179372,1,1,0.856284043820866,0.227452560427734,0.935711957154999,0.738036085058663,1,0.699075600671349,1,0.793478693619149,1,1
"Chondroitin sulfate/dermatan sulfate metabolism",0.938876804418432,0.838616187500603,0.638566224691739,1,0.830238696176851,0.907957597616867,0.950835761187036,1,0.130118619492569,1,1,1,1,1,1
"GRB2 events in EGFR signaling",0.921251407091753,0.838616187500603,1,1,1,0.948401879880456,0.243154009965696,1,0.493480144604868,1,0.767455918976054,1,0.848670067684616,0.937899282618852,1
"GAB1 signalosome",0.973385125703499,1,1,1,1,1,0.663797475066431,0.934136563042651,0.493480144604868,1,0.699075600671349,1,1,1,1
"SHC1 events in EGFR signaling",0.921251407091753,0.838616187500603,1,1,1,0.948401879880456,0.243154009965696,1,0.493480144604868,1,0.767455918976054,1,0.848670067684616,0.937899282618852,1
"Serotonin Neurotransmitter Release Cycle",1,0.482252486709344,0.732399537372303,1,1,1,0.354783745125477,0.993341722894549,1,0.929469498654131,1,0.877967595848767,1,0.92258318159625,0.654821051022011
"Norepinephrine Neurotransmitter Release Cycle",1,0.692385435554933,0.830041469265514,1,1,0.993101573883108,0.354302808766576,1,1,0.929469498654131,1,0.9303665888065,1,0.944638665282935,0.740687016840677
"Toll Like Receptor 2 (TLR2) Cascade",1,1,0.858077805420849,0.854099334844855,1,1,0.400092610815026,0.966813171481019,0.000164460399133521,1,0.719653216999229,1,1,0.674157090999062,1
"Organelle biogenesis and maintenance",1,0.838616187500603,1,8.76671380506043e-11,1,1,0.468499227657078,1,1,1,1,1,0.993004839365602,0.234581772307784,1
"Downstream signal transduction",0.921251407091753,0.838616187500603,0.934224954545137,1,1,0.776201840040041,0.268483967981657,1,0.687316489385257,0.994324371435758,0.753709090511354,1,0.765391567880823,1,1
"Signaling by PDGF",0.9450760209048,1,1,1,0.887985195508888,0.757160644884418,0.291180717049152,1,0.591798966819864,1,0.699075600671349,1,0.899062203938796,1,1
"NGF signalling via TRKA from the plasma membrane",0.921251407091753,0.838616187500603,0.934224954545137,1,1,0.798852672699737,0.275034184980906,0.975034585729078,0.744045229182426,1,0.767455918976054,1,0.818624383491669,1,1
"Signalling to ERKs",0.921251407091753,0.838616187500603,1,1,1,0.884698710906838,0.269143417212219,1,0.493480144604868,1,0.793531550367015,1,0.899062203938796,0.937528920984989,1
"Signalling to p38 via RIT and RIN",0.921251407091753,0.797370559722531,1,1,1,0.948401879880456,0.243154009965696,1,0.493480144604868,1,0.778361755362858,1,0.88736175497084,0.944638665282935,1
"Signaling by FGFR",0.938876804418432,0.738514406527261,1,1,0.923094791540416,1,1,0.77396864983529,1,1,1,1,0.765391567880823,1,1
"Gap junction trafficking",1,1,1,6.45696730459541e-09,1,1,0.206495857892118,1,1,1,1,1,0.908649887552154,0.119828077600164,0.967464429867599
"Gap junction assembly",1,1,0.94669729358459,3.66163714819779e-12,1,1,0.036639771540078,1,1,1,1,0.936642148303512,0.765391567880823,0.0499241352829399,0.966796002536855
"Transport of connexons to the plasma membrane",1,0.861175970748659,0.752959696374978,1.22388149260175e-18,1,1,0.000546718545541758,1,1,1,1,0.89396850501489,0.993004839365602,0.00340592846773827,1
"Pre-NOTCH Expression and Processing",1,1,0.860681916225133,0.88777327831737,1,1,1,0.970693793071425,0.58807132160223,1,0.830860433515881,1,1,0.583561530590291,0.77531106828556
"Synthesis of bile acids and bile salts",1,1,1,1,1,0.974494496892179,1,1,0.6336088950917,1,1,1,1,0.979438503693481,0.733485242508434
"NRAGE signals death through JNK",0.951649749954291,0.980652757377096,0.638566224691739,1,0.968626550757117,0.680914347463731,0.679773932126709,0.893239179502612,1,0.853351693818759,1,1,0.764292392698973,1,0.700404910989937
"p75 NTR receptor-mediated signalling",0.973385125703499,0.838616187500603,0.638566224691739,1,0.951570618096504,0.743850095325499,0.243154009965696,0.983069439555456,1,0.929469498654131,1,1,0.92510078659967,1,0.77127973979158
"Bile acid and bile salt metabolism",1,1,1,1,1,1,1,1,0.493480144604868,1,1,1,1,1,0.68749473856919
"Signaling by VEGF",0.938876804418432,0.841146558118123,0.998690059361523,1,1,0.743850095325499,0.244320309581572,1,0.610227565612001,1,0.930500273625864,1,0.994088277809021,0.966631533783508,1
"Signaling by Rho GTPases",0.938876804418432,1,1,1.23221861301971e-05,1,1,0.94947475099738,1,1,0.297535637541325,1,0.0523604309427589,0.793478693619149,0.0271675240921336,0.963080044642193
"Rho GTPase cycle",0.941274463045623,1,0.934224954545137,0.920651294431141,0.918920280103956,0.743850095325499,1,1,0.949070549741674,0.372085204303047,1,1,0.726591343041619,1,0.733485242508434
"RHO GTPase Effectors",0.951649749954291,1,1,1.37632108926577e-09,1,1,0.485498516367004,0.966813171481019,1,0.726160774246008,1,0.000601671606085292,1,0.000477886911407351,1
"Signaling by Wnt",0.921251407091753,1,0.752959696374978,0.000414183793134938,1,0.969064686003537,1,0.966813171481019,1,0.0311334027405828,1,0.877967595848767,1,0.138891826718552,1
"Nicotinate metabolism",0.898499064573477,1,0.564695564182576,1,1,0.948401879880456,0.979008489224666,1,0.0860551239637121,1,1,1,1,1,1
"Metabolism of water-soluble vitamins and cofactors",0.938876804418432,0.962921043081967,0.638566224691739,1,0.983441203546768,1,1,1,0.418317894509814,1,1,1,0.924268387573215,1,1
"Metabolism of vitamins and cofactors",0.921251407091753,0.861175970748659,0.638566224691739,1,1,0.930586646807689,0.857599516410937,1,0.141955104454273,1,1,1,1,1,1
"A tetrasaccharide linker sequence is required for GAG synthesis",0.941274463045623,0.841146558118123,0.890554415569355,1,0.851736157291333,0.884698710906838,0.468499227657078,1,0.0630631838397161,1,1,1,1,1,0.870506028148429
"Signaling by NOTCH1",0.989663863940107,1,0.00554979281553917,1,1,0.901090758957822,0.581294361092448,0.369095828445181,1,0.929469498654131,0.762393769336534,1,1,1,0.964485567211671
"Signaling by NOTCH2",1,1,0.0461709625946697,1,1,1,0.664421217319255,0.777723645507473,1,1,1,1,1,0.965648828451865,0.943367834681845
"PI3K/AKT activation",0.973385125703499,1,0.998690059361523,1,1,1,0.531801763136218,0.886438690594218,0.478241478837471,1,0.767455918976054,1,1,1,1
"Immunoregulatory interactions between a Lymphoid and a non-Lymphoid cell",1,1,0.638566224691739,1,0.838226471305104,1,1,0.98867373868098,1.18787900914017e-07,0.95982886716971,0.740849229240549,0.0523604309427589,1,0.973505781259604,1
"PPARA activates gene expression",1,1,1,1,1,1,0.270858381198575,1,0.0860551239637121,1,0.699075600671349,0.89396850501489,1,0.65654290087927,1
"Negative regulation of the PI3K/AKT network",0.973385125703499,1,1,1,1,1,1,0.859731708356105,0.267685269680086,1,0.762393769336534,1,0.993004839365602,1,1
"ER to Golgi Anterograde Transport",1,0.838616187500603,0.582184544694876,1.655857813491e-07,1,1,0.00251903864680714,1,0.928354408795396,1,1,1,0.993004839365602,0.204745457686312,0.654821051022011
"Membrane Trafficking",1,0.523663637862076,0.638566224691739,0.0651940162162047,0.838226471305104,0.884698710906838,0.201243101558166,0.77396864983529,1,1,1,0.0803491606622444,0.890086605628858,0.92258318159625,1
"trans-Golgi Network Vesicle Budding",0.973385125703499,0.916176170230795,0.805014219185793,1,0.852791930724751,0.842747819271451,0.312812697315684,1,0.876669016846428,1,0.778985982256586,1,0.765391567880823,0.735271508756202,1
"Signaling by BMP",1,1,0.998690059361523,1,0.756815406169829,0.948401879880456,1,1,1,1,1,1,1,1,1
"TCF dependent signaling in response to WNT",0.921251407091753,1,0.830041469265514,0.000928258532299114,1,0.973895793224523,1,1,1,0.0311334027405828,1,0.638595671536614,0.993004839365602,0.00484050220121016,1
"Formation of the beta-catenin:TCF transactivating complex",1,1,1,0.0108001213870734,1,1,1,1,1,0.11390294947208,1,0.0697171604432431,1,2.40263902330082e-06,1
"G-protein activation",0.973385125703499,0.916176170230795,0.638566224691739,0.959532221758216,0.641180822454826,0.801992182527123,1,0.428640292290712,1,0.726160774246008,0.930500273625864,1,1,1,1
"Metabolism of nitric oxide",0.921251407091753,1,1,1,1,0.884698710906838,0.963527372318109,0.845113034679278,1,1,1,0.981272239070455,1,0.956645453154011,0.791673996195639
"Assembly of collagen fibrils and other multimeric structures",1,1,1,1,0.999709363621903,1,0.919620840880731,1,0.88955594952271,1,1,1,1,0.970417820032785,1
"Keratan sulfate biosynthesis",0.995552494593061,1,1,1,1,1,1,0.643583842921317,0.655724535279611,1,0.98173484123228,0.913947534372686,1,1,0.833332549641269
"Chondroitin sulfate biosynthesis",0.973385125703499,0.756892576218805,0.998690059361523,1,0.712221335322824,0.973895793224523,1,0.845602388073427,0.0151487587441488,1,0.794020637491098,0.981272239070455,1,1,0.821247048058178
"HS-GAG biosynthesis",0.938876804418432,0.962921043081967,0.826715989736394,1,0.917819479349017,0.427277574014767,0.810166693845078,1,0.907111041840146,1,1,1,1,1,1
"TCR signaling",1,1,1,1,0.641180822454826,1,1,1,1,1,0.699075600671349,0.0452433114677551,1,0.333402363297182,1
"HS-GAG degradation",0.938876804418432,0.838616187500603,0.752959696374978,1,0.948603521076708,0.762124039473519,0.475509654888096,1,0.493480144604868,1,1,1,1,0.996808875344734,1
"Downstream TCR signaling",1,1,1,1,0.49201541306836,1,1,1,1,1,0.699075600671349,0.169848374542973,1,0.0780756698432703,1
"Phosphorylation of CD3 and TCR zeta chains",1,1,1,1,0.49201541306836,1,1,1,1,1,0.970053251061347,0.238784370332015,1,0.188563551773037,1
"Translocation of ZAP-70 to Immunological synapse",1,1,1,1,0.49201541306836,1,1,1,1,1,1,0.354627114529264,1,0.0716534117520466,1
"Generation of second messenger molecules",1,1,1,1,0.712221335322824,1,1,1,1,1,0.817579718085401,0.0559705695672569,1,0.381961191807142,1
"Cell surface interactions at the vascular wall",1,1,0.752959696374978,0.717535119467107,0.587198585388869,0.842747819271451,0.399851884518316,0.848085982011822,0.650325456546898,0.830718114136172,1,0.921246132445516,1,1,1
"Fcgamma receptor (FCGR) dependent phagocytosis",0.960901742018022,0.916176170230795,0.652062042940129,1,0.897015704369984,1,1,1,0.915973139213632,0.997048169789662,0.865426025475263,0.158165370634289,1,0.990749881818151,1
"FCGR activation",1,0.969215363308866,0.707937499710665,1,0.968626550757117,0.967167679640819,1,1,0.687316489385257,1,0.832640307771702,0.0523604309427589,1,0.937899282618852,1
"Regulation of actin dynamics for phagocytic cup formation",1,0.838616187500603,1,0.841841881909877,0.852791930724751,1,0.979008489224666,1,0.796202372994647,1,0.778985982256586,0.913947534372686,1,0.944638665282935,1
"eNOS activation and regulation",0.921251407091753,1,1,1,1,0.884698710906838,0.963527372318109,0.845113034679278,1,1,1,0.981272239070455,1,0.956645453154011,0.791673996195639
"Cell death signalling via NRAGE, NRIF and NADE",0.973385125703499,1,0.638566224691739,1,0.99396395007802,0.680914347463731,0.639280961591502,0.966813171481019,1,0.889291826049683,1,1,0.818624383491669,1,0.739309555776191
"Glutamate Neurotransmitter Release Cycle",1,0.827231948989875,0.860681916225133,1,1,0.975324499902382,0.412093106271377,1,1,0.985205423606217,1,0.993488954672647,0.934634122118371,0.92258318159625,0.654821051022011
"Basigin interactions",1,1,1,0.987107079268312,1,1,0.0475255302695692,0.645886938241375,1,1,1,1,0.993004839365602,0.952844977368496,1
"Gene Silencing by RNA",1,1,1,0.012909406659036,1,1,1,1,1,0.844633445038524,1,0.681949017166022,1,0.000350499037613149,1
"Biological oxidations",1,0.838616187500603,1,1,1,1,1,1,0.0390353001524597,1,1,0.89396850501489,1,0.973505781259604,0.922249480322024
"Cytochrome P450 - arranged by substrate type",1,0.751644530146725,1,1,1,1,1,1,0.363360473056315,1,1,0.781044548100665,0.726591343041619,0.937528920984989,0.853954419785563
"Phase 1 - Functionalization of compounds",1,0.923383431714299,1,1,1,1,1,1,0.0162182886823689,1,1,0.675931062461985,0.986890415107667,0.92258318159625,0.708616445625697
"Endogenous sterols",1,0.916176170230795,1,1,1,1,1,1,0.100038823417461,1,1,0.671345746549936,0.764292392698973,0.92258318159625,1
"Epigenetic regulation of gene expression",1,1,1,0.00350983794578494,1,1,0.668070747383927,1,1,0.726160774246008,1,0.0955286419628677,1,5.17050729553454e-06,1
"NOTCH1 Intracellular Domain Regulates Transcription",1,1,0.00950868722113046,1,1,1,0.956770321324607,0.369095828445181,0.977353131067883,0.864736327218512,0.699075600671349,0.633838144361864,1,1,1
"Activated NOTCH1 Transmits Signal to the Nucleus",0.973385125703499,1,0.607108506189429,1,1,0.680914347463731,0.484425428813563,0.896627060353601,1,1,0.991782288283951,1,1,0.976304418407768,0.91513735976642
"PRC2 methylates histones and DNA",1,1,1,0.000298140976240371,1,1,0.92893579302245,1,1,0.726160774246008,1,0.158165370634289,1,2.70542849467967e-08,1
"Generic Transcription Pathway",0.873518379258882,1,0.845593362179372,0.941742957688865,1,1,5.62970032405406e-05,1,1,1,3.66541370780531e-06,1,0.726591343041619,0.944638665282935,1
"Dopamine Neurotransmitter Release Cycle",1,0.482252486709344,0.752959696374978,1,1,1,0.527793946045625,0.966813171481019,0.690805874243145,0.985205423606217,0.970053251061347,0.936065122556379,1,0.118800102708816,0.711043896899845
"Molecules associated with elastic fibres",0.995552494593061,0.986747976387307,1,1,0.90299778207443,0.822236136624347,1,1,0.977353131067883,0.853351693818759,1,1,0.726591343041619,0.92258318159625,1
"MHC class II antigen presentation",1,0.838616187500603,1,1.63794250151134e-07,0.852791930724751,1,0.0502101217750471,1,0.918124693182469,1,1,0.347341200276236,1,0.103558975994104,1
"Arachidonic acid metabolism",0.921251407091753,1,0.986781973684315,1,0.963350160494458,0.834548185187571,1,1,0.192028948798485,1,1,1,0.970843988068196,1,1
"Integrin cell surface interactions",1,0.969215363308866,0.732181700795916,1,0.544463056694053,0.743850095325499,1,1,1,1,1,0.942964541216242,0.726591343041619,1,1
"DAP12 interactions",0.9450760209048,0.916176170230795,0.806552173574868,1,1,0.884698710906838,0.338626345323725,0.993341722894549,0.0360414504823041,0.994324371435758,0.699075600671349,1,0.941671005741709,1,1
"Binding and Uptake of Ligands by Scavenger Receptors",1,0.838616187500603,0.752959696374978,0.448407308276076,0.705643907483977,1,0.433475419708313,1,1.46850896687205e-08,0.929469498654131,1,1,1,0.950222966960289,1
"Visual phototransduction",0.873518379258882,0.838616187500603,0.922141386590307,1,1,0.948401879880456,0.877877699409339,1,0.655724535279611,1,1,1,1,0.966268783111832,1
"PI3K/AKT Signaling in Cancer",0.975054358443391,1,1,1,1,1,0.484425428813563,0.968716347953881,0.348342682123449,0.997048169789662,0.699075600671349,1,0.993004839365602,1,1
"Constitutive Signaling by Aberrant PI3K in Cancer",0.973385125703499,1,1,1,1,1,1,0.966813171481019,0.192028948798485,0.967524523336378,0.762393769336534,1,0.941671005741709,1,1
"Cellular responses to stress",1,1,1,0.00125970172028219,1,1,1.56061634127484e-06,1,1,0.82891230361322,0.0921212162519669,0.0557297177707193,1,0.0553495452739389,1
"Condensation of Prophase Chromosomes",1,1,1,0.000646075039504028,1,1,1,1,1,0.784202911902491,1,0.183729652754016,1,2.70542849467967e-08,1
"Signaling by Type 1 Insulin-like Growth Factor 1 Receptor (IGF1R)",0.921251407091753,0.916176170230795,1,1,1,0.948401879880456,0.243154009965696,1,0.493480144604868,1,0.699075600671349,1,0.764292392698973,0.966631533783508,1
"DAP12 signaling",0.938876804418432,0.846951548749825,0.826715989736394,1,1,0.892944928931728,0.311367797424762,0.966813171481019,0.744045229182426,0.985205423606217,0.699075600671349,1,0.870129819853003,1,1
"Activation of gene expression by SREBF (SREBP)",1,0.051140776668593,1,0.464218246905225,0.814403675844228,0.878576387565657,0.0526919346729813,0.623418153323383,1,0.698303924726301,1,0.89396850501489,0.726591343041619,0.966631533783508,1
"IGF1R signaling cascade",0.921251407091753,0.916176170230795,1,1,1,0.948401879880456,0.243154009965696,1,0.493480144604868,1,0.699075600671349,1,0.764292392698973,0.966631533783508,1
"IRS-related events triggered by IGF1R",0.921251407091753,0.916176170230795,1,1,1,0.948401879880456,0.243154009965696,1,0.493480144604868,1,0.699075600671349,1,0.764292392698973,0.966631533783508,1
"Fc epsilon receptor (FCERI) signaling",0.973385125703499,0.962704013520131,0.998690059361523,1,1,1,0.123619513186565,1,0.526887127971355,1,0.699075600671349,1,0.982654669905222,0.92258318159625,1
"Separation of Sister Chromatids",1,1,1,1.39937718407799e-07,1,1,0.00133583197424158,1,1,1,1,0.126059677071422,0.726591343041619,0.0731457225602324,0.883352008619026
"Resolution of Sister Chromatid Cohesion",1,1,1,3.61125507377248e-08,1,1,0.00178201543144008,1,1,1,1,0.169848374542973,0.726591343041619,0.103558975994104,0.819595711081036
"Mitotic Metaphase and Anaphase",1,0.916176170230795,1,7.81359316216837e-11,1,1,1.30563599133287e-05,1,1,1,1,0.158165370634289,0.726591343041619,0.103558975994104,0.922249480322024
"Oxidative Stress Induced Senescence",1,1,0.830041469265514,0.00614390109155724,1,1,0.758219874883882,1,1,0.889291826049683,0.970053251061347,0.00029814071943231,1,1.09826582441788e-05,1
"Senescence-Associated Secretory Phenotype (SASP)",0.995552494593061,1,1,0.000273258366675758,1,1,0.475509654888096,1,0.925738325085629,0.929469498654131,0.699075600671349,0.127946860303078,1,8.12046355234311e-07,1
"Cellular Senescence",1,1,0.917224246586891,5.89321782392693e-05,1,1,0.04341763053826,1,1,0.726160774246008,0.713157840807388,0.000470997247660605,1,0.000190680230161017,1
"DNA Damage/Telomere Stress Induced Senescence",0.973385125703499,1,1,0.00305044454441345,1,1,0.400092610815026,1,1,0.698303924726301,1,0.107692528247675,1,8.12046355234311e-07,1
"Signaling by Leptin",0.921251407091753,0.838616187500603,1,1,1,0.948401879880456,0.243154009965696,1,0.493480144604868,1,0.778985982256586,1,0.888584354438716,0.947588681065154,1
"Signaling by NOTCH1 PEST Domain Mutants in Cancer",1,1,0.0481272629327488,1,1,1,0.531801763136218,0.369095828445181,1,0.844633445038524,1,0.942964541216242,1,1,0.883352008619026
"Signaling by NOTCH1 in Cancer",1,1,0.0481272629327488,1,1,1,0.531801763136218,0.369095828445181,1,0.844633445038524,1,0.942964541216242,1,1,0.883352008619026
"Constitutive Signaling by NOTCH1 PEST Domain Mutants",1,1,0.0481272629327488,1,1,1,0.531801763136218,0.369095828445181,1,0.844633445038524,1,0.942964541216242,1,1,0.883352008619026
"Stimuli-sensing channels",0.951649749954291,0.903125791131217,0.998690059361523,1,1,1,1,1,1,0.929469498654131,1,1,1,0.950222966960289,0.739309555776191
"EPH-Ephrin signaling",1,1,1,1,1,1,0.311367797424762,0.981697267591483,0.809323452301555,1,1,1,1,1,1
"Role of LAT2/NTAL/LAB on calcium mobilization",1,1,0.998690059361523,1,1,1,0.669312047669773,0.966813171481019,0.12259805443971,0.985205423606217,0.699075600671349,1,0.996922181806504,1,1
"FCERI mediated MAPK activation",0.938876804418432,0.838616187500603,1,1,1,0.9643110934421,0.271731239250179,1,0.308875921827381,1,0.699075600671349,1,0.993004839365602,0.805415060705168,1
"Signaling by NOTCH1 HD+PEST Domain Mutants in Cancer",1,1,0.0481272629327488,1,1,1,0.531801763136218,0.369095828445181,1,0.844633445038524,1,0.942964541216242,1,1,0.883352008619026
"Constitutive Signaling by NOTCH1 HD+PEST Domain Mutants",1,1,0.0481272629327488,1,1,1,0.531801763136218,0.369095828445181,1,0.844633445038524,1,0.942964541216242,1,1,0.883352008619026
"Peptide hormone metabolism",1,1,0.830041469265514,0.19121026642044,0.852791930724751,1,1,0.871820977525699,0.6336088950917,0.95982886716971,1,0.964949547656475,1,1,0.801352213036798
"SUMOylation",0.995552494593061,1,1,0.67222219442937,0.883778846788155,0.948401879880456,0.482351287938163,1,0.874786178272396,1,0.778361755362858,0.0523604309427589,1,0.966631533783508,1
"Laminin interactions",1,0.927319047850739,1,1,1,0.125201655866905,1,0.966813171481019,0.58041209061755,0.750453812896256,1,1,0.726591343041619,0.928479938629071,0.77531106828556
"Syndecan interactions",0.973385125703499,0.838616187500603,0.844267941877808,1,0.615206524937696,1,0.311947081752613,1,0.463798329704069,1,1,1,0.726591343041619,1,1
"Non-integrin membrane-ECM interactions",0.941274463045623,0.659742063606012,0.998690059361523,1,0.852791930724751,0.680914347463731,0.311367797424762,1,0.543063259681416,0.929469498654131,1,1,0.726591343041619,1,1
"ECM proteoglycans",1,0.738514406527261,1,1,0.814403675844228,0.798852672699737,0.872921164459048,1,0.885710589602971,1,1,1,0.787782185856427,1,0.686629622564246
"SUMO E3 ligases SUMOylate target proteins",0.995552494593061,1,1,0.67222219442937,0.883778846788155,0.948401879880456,0.482351287938163,1,0.874786178272396,1,0.778361755362858,0.0523604309427589,1,0.966631533783508,1
"HDACs deacetylate histones",1,1,1,0.00897385890667192,1,1,1,1,1,0.726160774246008,1,0.266545164025528,1,0.00468979171348205,1
"PKMTs methylate histone lysines",1,1,1,0.558404040469917,1,1,0.47255833567482,1,1,0.120888861019815,0.991782288283951,0.856593145929156,1,0.0540621732700753,1
"HATs acetylate histones",0.995552494593061,1,1,0.0051423762936614,1,1,1,1,1,0.282306302715134,1,0.409107579644812,1,0.0017585143981876,1
"RMTs methylate histone arginines",1,1,1,0.00343974170526622,1,1,1,1,1,0.440035849670763,1,0.82396209950077,1,2.99395760242474e-05,1
"WNT ligand biogenesis and trafficking",0.938876804418432,1,1,0.0460514676399206,1,0.680914347463731,1,0.893239179502612,1,0.844633445038524,0.699075600671349,1,1,1,1
"Chromatin modifying enzymes",1,1,1,0.00979565698040591,1,1,0.492616574233913,1,1,0.698303924726301,1,0.613816535084442,1,0.00846667620262413,1
"TRP channels",0.973385125703499,0.692385435554933,0.950562045000848,1,1,0.791810446242303,1,0.926753510727321,1,0.96138765143272,0.856103177053188,0.964949547656475,0.818624383491669,1,0.956951090232513
"Regulation of HSF1-mediated heat shock response",1,0.916176170230795,1,0.662712218406139,1,0.884698710906838,0.243154009965696,1,1,1,0.097597071296257,1,0.787782185856427,1,1
"HSF1 activation",1,1,1,0.509201373750965,1,0.743850095325499,0.25509188959485,1,1,1,0.000559457608208604,1,0.759427439575813,1,1
"Cellular response to heat stress",1,1,1,0.466157638041366,1,0.974494496892179,0.0363758908590722,1,1,1,0.00324150092387233,1,0.740807621983679,1,1
"Attenuation phase",1,1,1,0.487500186340853,1,0.834548185187571,0.0897350224777837,1,1,1,0.0146068298290589,1,0.812568019769129,1,1
"HSF1-dependent transactivation",1,1,1,0.448407308276076,1,0.920200663371076,0.0147403802656493,1,1,1,0.000464732237223442,1,0.740807621983679,1,0.978895637118075
"Metabolism of polyamines",1,1,1,0.82536594366908,0.851736157291333,1,0.758219874883882,0.966813171481019,0.661093050340981,1,0.991782288283951,1,1,0.92258318159625,1
"Amino acid transport across the plasma membrane",1,0.838616187500603,0.860681916225133,1,0.929106823106993,1,0.0865178080504002,0.551236304431307,0.809323452301555,0.985205423606217,1,0.897412854730277,0.941671005741709,1,1
"Diseases associated with glycosaminoglycan metabolism",0.973385125703499,0.838616187500603,0.950562045000848,1,0.839942589653728,0.929043014412057,0.531801763136218,1,0.0964766416643611,1,0.774373580292256,1,1,0.966631533783508,0.922249480322024
"Defective B4GALT7 causes EDS, progeroid type",0.938876804418432,0.838616187500603,0.835691405326445,1,0.838226471305104,0.856284043820866,0.377463407811136,1,0.0359843556542804,1,0.991782288283951,1,1,1,0.819595711081036
"Defective B3GAT3 causes JDSSDHD",0.938876804418432,0.838616187500603,0.835691405326445,1,0.838226471305104,0.856284043820866,0.377463407811136,1,0.0359843556542804,1,0.991782288283951,1,1,1,0.819595711081036
"Transcriptional Regulation by TP53",1,1,0.763462875775664,0.102924051844583,1,1,3.0574166438252e-06,1,1,1,0.699075600671349,0.69694576525558,0.946660786015837,0.928479938629071,1
"Signaling by GPCR",1,0.962704013520131,1,1,1,0.948401879880456,0.41297507456049,0.981697267591483,0.00140557362254891,1,0.699075600671349,1,1,1,0.648265540002082
"Class A/1 (Rhodopsin-like receptors)",1,1,1,1,1,1,1,0.993341722894549,4.5592754795089e-08,1,0.699075600671349,1,1,0.943778211184889,0.636292343348971
"Class B/2 (Secretin family receptors)",1,1,0.638566224691739,0.1247367990122,1,1,0.468499227657078,0.892706446932477,1,0.985205423606217,0.894898003374721,1,1,1,1
"Netrin-1 signaling",1,0.482252486709344,0.638566224691739,1,0.733032839940415,0.856284043820866,0.909760803309133,0.845113034679278,1,0.954359248457162,0.699075600671349,0.9090971493194,0.930538949910426,1,1
"Semaphorin interactions",0.995552494593061,1,0.707937499710665,1,1,0.973895793224523,0.877877699409339,0.966813171481019,1,0.522248735645796,1,0.99908146309954,1,0.92258318159625,1
"L1CAM interactions",1,0.482252486709344,0.830041469265514,0.00107824949327607,0.90299778207443,1,0.402794815399206,1,1,1,1,1,0.790261057831926,0.890601837725443,1
"NCAM signaling for neurite out-growth",0.938876804418432,0.838616187500603,1,1,1,0.930586646807689,0.328050881812047,1,0.692803464314823,1,0.778361755362858,1,0.928224049539804,0.966631533783508,1
"CDO in myogenesis",1,0.999804251312358,0.800775121328508,1,1,0.878576387565657,1,1,1,0.929469498654131,1,1,1,1,0.95532844379529
"Peptide ligand-binding receptors",1,0.841146558118123,1,1,1,1,0.936746644457947,1,5.01817937721804e-06,0.954359248457162,1,1,1,0.973505781259604,1
"Signaling by Robo receptor",0.941274463045623,0.923383431714299,1,0.343409517813517,0.792033067778341,1,1,1,1,1,1,1,1,0.973505781259604,0.732539791425606
"Negative regulation of TCF-dependent signaling by WNT ligand antagonists",0.921251407091753,1,1,1,0.90299778207443,0.0609046465378654,1,1,0.876669016846428,0.175687220378846,1,1,0.810592174349977,0.956888546549404,1
"Diseases of glycosylation",1,0.797370559722531,1,1,0.90299778207443,1,0.829938734728113,0.985897155664968,0.209232351593052,0.997048169789662,0.767455918976054,1,1,0.92258318159625,0.633995111159967
"Chemokine receptors bind chemokines",1,0.756892576218805,1,1,1,1,0.492616574233913,1,1.60017016727075e-06,0.853351693818759,0.858796956692643,1,1,1,1
"Recruitment of mitotic centrosome proteins and complexes",1,0.838616187500603,0.860681916225133,4.2841737850671e-16,1,1,0.00178201543144008,0.966813171481019,1,1,1,0.354627114529264,0.941671005741709,0.00761500997453614,1
"Centrosome maturation",1,0.838616187500603,0.860681916225133,4.2841737850671e-16,1,1,0.00178201543144008,0.966813171481019,1,1,1,0.354627114529264,0.941671005741709,0.00761500997453614,1
"Recruitment of NuMA to mitotic centrosomes",1,0.675454635129873,0.752959696374978,1.22388149260175e-18,1,1,0.00133937767596978,0.845113034679278,1,1,1,0.414849486152725,0.994088277809021,0.00340592846773827,1
"Unfolded Protein Response (UPR)",1,0.838616187500603,0.830041469265514,0.13507547966077,0.999709363621903,1,1.65523575782977e-06,1,0.220128576305295,1,0.793531550367015,1,1,1,0.733485242508434
"Transcriptional regulation of white adipocyte differentiation",0.921251407091753,1,0.00136910386113719,0.448407308276076,0.917819479349017,1,0.514765263669519,1,0.00101331273816022,0.929469498654131,1,0.418985763889305,1,1,1
"Regulation of Insulin-like Growth Factor (IGF) transport and uptake by Insulin-like Growth Factor Binding Proteins (IGFBPs)",0.921251407091753,0.870881348480389,1,0.784491388442086,1,1,1,1,1,0.998617570413214,1,1,1,0.966631533783508,0.708616445625697
"Glucagon-like Peptide-1 (GLP1) regulates insulin secretion",1,1,0.638566224691739,1,1,0.884698710906838,1,0.632265766837572,1,0.992713295248809,0.933586160808178,0.856593145929156,0.765391567880823,1,1
"Transmembrane transport of small molecules",1,1,0.827036954570265,1,1,1,1,0.966813171481019,1,0.905565193723517,0.858796956692643,1,0.994088277809021,1,0.636292343348971
"ABC-family proteins mediated transport",0.989663863940107,0.838616187500603,0.860681916225133,0.964466651631393,0.838226471305104,0.884698710906838,1,1,0.825602881272418,0.929469498654131,0.0162358007786264,0.474361603388688,1,1,0.77531106828556
"Nuclear Receptor transcription pathway",0.973385125703499,0.482252486709344,0.607108506189429,1,1,1,0.000101498350351203,1,1,0.907732002383493,1,1,0.946660786015837,0.966268783111832,1
"Beta-catenin independent WNT signaling",0.938876804418432,0.962262124525389,0.38009937140085,0.706960818587245,0.920799376633248,0.842747819271451,0.597135774983926,0.418551946304185,1,0.086064156438642,1,0.675931062461985,1,1,1
"GPCR downstream signaling",1,0.999600191184885,1,1,1,1,0.93619245067949,0.966813171481019,0.00054309814077159,1,0.699075600671349,1,1,1,0.633995111159967
"Costimulation by the CD28 family",1,1,0.950817789894691,1,0.814403675844228,1,1,0.966813171481019,1,1,0.930500273625864,0.0400760562265438,1,0.92258318159625,1
"CD28 co-stimulation",1,1,0.707937499710665,1,1,1,1,1,1,1,0.778985982256586,0.183729652754016,1,1,1
"CD28 dependent PI3K/Akt signaling",1,1,0.732181700795916,1,0.968626550757117,1,1,1,1,1,0.778361755362858,0.761437211709885,0.993004839365602,1,1
"PD-1 signaling",1,1,1,1,0.712221335322824,1,1,0.966813171481019,1,1,1,0.0803491606622444,1,0.173149307428859,1
"Post-chaperonin tubulin folding pathway",1,0.756892576218805,0.752959696374978,1.22388149260175e-18,1,1,0.00133937767596978,1,1,1,1,0.89396850501489,0.994088277809021,0.000437792251467624,1
"Chaperonin-mediated protein folding",0.973385125703499,0.986747976387307,0.715716988923612,8.69585400882316e-07,0.849061623881704,1,0.301914553542508,0.369095828445181,1,1,1,1,1,0.20624206438044,1
"Striated Muscle Contraction",0.938876804418432,1,1,1,1,1,1,0.856483431834929,1,1,0.802282748390526,0.65518982789128,1,0.92258318159625,0.636292343348971
"Diseases associated with O-glycosylation of proteins",1,0.838616187500603,1,0.98112243401227,1,1,1,0.864136638555685,0.650325456546898,0.929469498654131,0.858796956692643,1,1,0.92258318159625,0.588391404651887
"Protein folding",0.973385125703499,0.923383431714299,0.732399537372303,1.63779602501745e-06,0.838226471305104,1,0.336195806249727,0.379709615314678,1,1,1,1,1,0.138891826718552,1
"Eicosanoid ligand-binding receptors",1,1,1,1,1,1,1,0.379709615314678,1,1,0.987885533571776,0.921246132445516,1,1,0.733485242508434
"Nitric oxide stimulates guanylate cyclase",1,1,1,1,1,1,1,1,0.848477675906769,1,0.991782288283951,1,1,1,0.819595711081036
"G beta:gamma signalling through PI3Kgamma",1,0.482252486709344,0.526181418069979,1,1,0.884698710906838,1,0.845113034679278,0.874560120039762,1,0.699075600671349,1,0.993004839365602,1,1
"Metabolism of proteins",1,1,0.854634201835434,0.00493466312932695,0.809595686599698,1,0.0155665627288453,1,0.122946774572377,0.966195673803764,1,0.250120352523339,1,0.180505713345233,0.870506028148429
"Signal amplification",1,0.87738020768072,0.732399537372303,1,0.910874790403755,1,1,0.369095828445181,0.543063259681416,0.985200217281556,0.858796956692643,1,0.992934729656219,1,1
"EPHB-mediated forward signaling",1,1,1,1,0.90299778207443,1,0.301734724575786,0.966813171481019,0.763273801738277,1,1,0.753801020082692,1,1,1
"EPHA-mediated growth cone collapse",1,0.969215363308866,1,0.600861148473596,1,1,0.339864554125904,1,1,0.975388653810164,1,1,1,1,1
"EPH-ephrin mediated repulsion of cells",1,1,1,0.996748224372412,1,0.948401879880456,0.531801763136218,1,1,1,1,0.927751432806354,1,1,1
"Muscle contraction",0.873518379258882,0.838616187500603,1,1,0.705643907483977,1,1,0.993341722894549,0.876669016846428,1,0.991782288283951,0.959206305667598,1,0.596135122948981,0.633995111159967
"G-protein beta:gamma signalling",1,0.482252486709344,0.564695564182576,1,1,0.920323514560849,1,0.845113034679278,0.829198888356039,1,0.699075600671349,0.921246132445516,1,1,1
"Adrenaline,noradrenaline inhibits insulin secretion",0.921251407091753,0.797370559722531,0.71318169588152,0.818401588109745,1,0.928361436858696,1,0.848085982011822,1,0.892862492522819,1,1,0.894385538767329,1,1
"Regulation of lipid metabolism by Peroxisome proliferator-activated receptor alpha (PPARalpha)",1,1,1,1,1,1,0.270858381198575,1,0.0860551239637121,1,0.699075600671349,0.89396850501489,1,0.65654290087927,1
"Circadian Clock",0.992103849471699,0.838616187500603,0.582184544694876,1,1,1,1.56061634127484e-06,1,1,1,0.991782288283951,1,0.890086605628858,0.944638665282935,1
"Ca2+ pathway",0.973385125703499,0.919420158054976,0.607108506189429,1,0.814403675844228,1,0.856631273065595,0.856483431834929,1,0.0448532284853707,1,0.510218711859949,0.822896199466943,1,1
"PCP/CE pathway",0.921251407091753,0.903125791131217,0.582184544694876,0.466157638041366,1,0.680914347463731,0.316069553659178,0.62460208629416,1,0.892862492522819,1,1,1,1,1
"G alpha (q) signalling events",1,1,0.934224954545137,1,0.99396395007802,1,1,0.845113034679278,0.543063259681416,1,0.699075600671349,0.9090971493194,1,1,0.820456530339099
"G alpha (12/13) signalling events",0.938876804418432,1,0.582184544694876,1,1,0.680914347463731,1,0.77396864983529,1,0.698303924726301,1,1,0.993004839365602,1,0.890927782667708
"Other semaphorin interactions",1,1,0.752959696374978,1,0.920799376633248,1,1,0.845113034679278,1,0.726160774246008,1,0.985309163739511,1,0.854153694298364,1
"Platelet homeostasis",1,1,0.781233094770467,1,1,1,1,0.966813171481019,0.619393760672442,0.95982886716971,1,1,1,1,0.844720546314085
"G alpha (s) signalling events",1,1,0.950562045000848,1,1,1,0.742713302473949,1,1,1,0.773920615349823,1,1,1,0.833332549641269
"ADP signalling through P2Y purinoceptor 1",1,0.875161432786707,0.732181700795916,1,1,1,1,0.570452736789571,0.493480144604868,0.95982886716971,0.970053251061347,1,1,1,1
"G alpha (i) signalling events",1,0.969215363308866,1,1,1,1,1,0.77396864983529,8.26551305637947e-07,0.994324371435758,0.740849229240549,1,0.993501734111871,1,0.890927782667708
"G alpha (z) signalling events",0.92773034617844,1,0.07014258715804,1,0.733032839940415,0.908833867340061,1,0.845113034679278,1,0.844633445038524,1,0.974542622397622,0.941671005741709,1,1
"Adherens junctions interactions",1,1,1,1,1,1,0.779999632052598,0.845113034679278,1,1,1,1,1,1,1
"NCAM1 interactions",1,1,1,1,0.897015704369984,0.974494496892179,1,1,1,1,0.880282876138962,1,1,1,0.996579571366486
"Tight junction interactions",1,0.838616187500603,1,0.358821936250635,1,0.948401879880456,0.387401766610052,0.369095828445181,1,0.726160774246008,1,1,0.740807621983679,1,0.937866423472316
"Class C/3 (Metabotropic glutamate/pheromone receptors)",1,1,1,0.448407308276076,0.933166846575576,0.822236136624347,1,1,1,0.95982886716971,0.959804212752455,1,0.765391567880823,1,0.621483110395427
"Cell-cell junction organization",1,0.946095319445234,1,0.81866587047246,1,0.974494496892179,0.402272490696664,0.369095828445181,1,0.929469498654131,1,1,0.993004839365602,1,0.969891128191989
"Clathrin derived vesicle budding",0.973385125703499,0.916176170230795,0.805014219185793,1,0.852791930724751,0.842747819271451,0.312812697315684,1,0.876669016846428,1,0.778985982256586,1,0.765391567880823,0.735271508756202,1
"Regulation of insulin secretion",0.973385125703499,0.482252486709344,0.732181700795916,0.784491388442086,0.814403675844228,0.884698710906838,1,0.778914625220931,1,0.997048169789662,1,0.767209350157163,1,0.854153694298364,1
"Axon guidance",0.938876804418432,0.533507482598585,1,0.490729779387906,0.929106823106993,0.801992182527123,0.139825096507432,1,1,1,1,1,0.941671005741709,0.944638665282935,1
"Transport of glucose and other sugars, bile salts and organic acids, metal ions and amine compounds",1,1,0.752959696374978,1,1,1,0.979008489224666,1,0.954545650492723,1,0.778985982256586,1,0.993004839365602,1,0.654821051022011
"Transport of inorganic cations/anions and amino acids/oligopeptides",1,1,0.965817384734367,0.662712218406139,0.99396395007802,1,0.776644700141637,1,0.760647540527447,1,1,0.9090971493194,0.726591343041619,1,0.77531106828556
"Transport of vitamins, nucleosides, and related molecules",1,0.849350373126335,1,0.857455313687588,0.90299778207443,0.948401879880456,0.311947081752613,1,1,0.985205423606217,1,1,1,1,1
"SLC-mediated transmembrane transport",1,1,0.950562045000848,1,1,1,0.639280961591502,1,0.874786178272396,1,1,1,0.921305012752618,1,0.733485242508434
"SIRT1 negatively regulates rRNA Expression",1,1,1,0.000188671484998085,1,1,1,1,1,0.726160774246008,1,0.354627114529264,1,1.31248459089728e-08,1
"ERCC6 (CSB) and EHMT2 (G9a) positively regulate rRNA expression",1,1,1,0.000351689357465552,1,1,1,1,1,0.726160774246008,1,0.414849486152725,1,2.70542849467967e-08,1
"NoRC negatively regulates rRNA expression",1,1,1,0.000351689357465552,1,1,1,1,1,0.726160774246008,1,0.21497718109338,1,2.70542849467967e-08,1
"Sphingolipid metabolism",0.898499064573477,1,0.732399537372303,0.867298995767038,0.839942589653728,0.680914347463731,0.0738984161545472,0.926753510727321,1,0.985205423606217,1,0.412506794766203,1,1,1
"Thromboxane signalling through TP receptor",1,0.858478553976757,0.607108506189429,0.941742957688865,0.931011359960717,1,1,0.348381564794623,0.915973139213632,0.929469498654131,0.767455918976054,0.981272239070455,0.993004839365602,0.966631533783508,1
"Vasopressin regulates renal water homeostasis via Aquaporins",1,0.89432397339759,0.224686939268676,1,1,0.929043014412057,1,0.849473034454405,1,0.282306302715134,1,0.981272239070455,0.994088277809021,1,1
"Golgi Associated Vesicle Biogenesis",1,0.838616187500603,0.752959696374978,1,0.814403675844228,1,0.243154009965696,1,0.82486518072474,1,0.767455918976054,1,0.726591343041619,0.50192511964772,0.963080044642193
"Recycling pathway of L1",1,0.738514406527261,0.917224246586891,3.66163714819779e-12,1,1,0.0118003866286729,0.98777750087198,1,1,1,1,1,0.0560153314246693,1
"Post NMDA receptor activation events",1,1,1,0.884550050393908,0.664449174047455,0.798852672699737,0.574179192593684,1,1,0.929469498654131,0.963582807586695,0.998321663676212,0.787782185856427,0.966631533783508,0.956572217263636
"VEGFA-VEGFR2 Pathway",0.938876804418432,0.838616187500603,0.978220874693971,1,1,0.680914347463731,0.243154009965696,0.993341722894549,0.566181822496052,1,0.893083964726792,1,0.993004839365602,0.966268783111832,1
"Defective B3GALT6 causes EDSP2 and SEMDJL1",0.938876804418432,0.838616187500603,0.835691405326445,1,0.838226471305104,0.856284043820866,0.377463407811136,1,0.0359843556542804,1,0.991782288283951,1,1,1,0.819595711081036
"Activation of NMDA receptor upon glutamate binding and postsynaptic events",1,1,1,0.922448634103104,0.712221335322824,0.842747819271451,0.663797475066431,1,1,0.929469498654131,0.970663346712924,1,0.790261057831926,0.99169578252272,0.967027492537942
"Interaction between L1 and Ankyrins",0.941274463045623,0.838616187500603,0.845593362179372,1,0.544463056694053,0.974494496892179,1,1,1,1,1,1,0.764292392698973,1,0.77127973979158
"Smooth Muscle Contraction",0.53953523779526,1,1,1,0.641180822454826,0.849648574783619,1,1,1,1,1,1,1,0.686314768247299,1
"Aquaporin-mediated transport",1,1,0.582184544694876,1,1,0.975778416964785,1,0.966813171481019,0.825602881272418,0.625987905855051,1,1,1,1,1
"Biosynthesis of the N-glycan precursor (dolichol lipid-linked oligosaccharide, LLO) and transfer to a nascent protein",0.989663863940107,0.916176170230795,0.858077805420849,0.833922808332825,1,1,0.642323758588932,1,0.780763962461731,1,1,0.974901999650662,0.726591343041619,0.735271508756202,1
"Asparagine N-linked glycosylation",1,0.838616187500603,0.38009937140085,0.000265905083119743,1,1,0.00611309539960597,1,0.548653871828333,1,1,0.921375191706341,0.935233117341394,0.472892734968844,0.841541404656489
"Synthesis of substrates in N-glycan biosythesis",0.995552494593061,0.916176170230795,0.827036954570265,0.922130616467619,1,1,0.484116752256294,1,0.683250407876248,1,1,0.959206305667598,1,0.993034135732434,1
"Interleukin-1 signaling",1,1,0.998690059361523,1,1,1,0.0804020225383481,1,1.47875130447511e-09,1,1,1,1,1,1
"Cell junction organization",1,1,1,1,1,0.948401879880456,0.51945161310856,0.544842416009565,0.878193852346463,0.929469498654131,1,1,1,1,0.732539791425606
"Signaling by Interleukins",1,1,0.830041469265514,1,1,1,0.000470487779130319,1,7.78493261386412e-11,1,0.699075600671349,0.942964541216242,1,0.966631533783508,1
"MAP kinase activation in TLR cascade",0.973385125703499,1,0.80675822073567,0.448407308276076,1,1,0.243154009965696,1,1,1,0.762393769336534,1,1,0.645950103294078,1
"Activation of Kainate Receptors upon glutamate binding",1,1,0.564695564182576,0.562493601043734,0.90299778207443,0.680914347463731,1,0.369095828445181,1,0.664739145906959,1,1,1,1,1
"Interleukin-2 signaling",0.938876804418432,0.841146558118123,1,1,1,0.948401879880456,0.288406526881765,1,0.493480144604868,1,0.793531550367015,1,0.837216352834088,0.92258318159625,1
"Transcriptional regulation of pluripotent stem cells",1,1,1,0.0223982960220425,1,1,0.829938734728113,1,1,1,1,1,1,1,0.636292343348971
"Mitotic G2-G2/M phases",0.973385125703499,0.756892576218805,1,1.83138466686866e-08,1,1,0.000508959541560112,0.966813171481019,1,1,1,0.0056616856273514,0.992934729656219,0.221458151877836,1
"Mitotic G1-G1/S phases",0.941274463045623,0.838616187500603,0.965940244484427,1,1,1,0.243154009965696,0.966813171481019,1,1,0.99451357972031,1.01609031489046e-09,1,1,1
"Thrombin signalling through proteinase activated receptors (PARs)",1,0.745016674246974,0.736378110614137,1,1,1,1,0.513861843464515,0.884866053020588,0.95982886716971,0.767455918976054,0.956470819584635,0.994088277809021,0.967486273759644,1
"Asymmetric localization of PCP proteins",0.973385125703499,0.738514406527261,0.607108506189429,0.356796333242341,1,0.680914347463731,0.243154009965696,0.856483431834929,1,0.853351693818759,1,1,1,1,1
"Regulation of FZD by ubiquitination",0.938876804418432,0.482252486709344,0.638566224691739,0.0151640103270485,0.544463056694053,0.777579913015818,0.979008489224666,0.62460208629416,1,0.509284016698543,1,1,0.772173260823791,1,1
"Signaling by WNT in cancer",1,0.838616187500603,0.732399537372303,1,1,0.948401879880456,0.99284123827161,0.694774014702933,0.977353131067883,0.785752079929545,1,1,0.726591343041619,1,1
"Chromatin organization",1,1,1,0.00979565698040591,1,1,0.492616574233913,1,1,0.698303924726301,1,0.613816535084442,1,0.00846667620262413,1
"GPCR ligand binding",1,1,1,1,1,1,0.974297873264574,0.981697267591483,0.000238045841479388,1,0.699075600671349,1,1,1,0.636292343348971
"RNA Polymerase I, RNA Polymerase III, and Mitochondrial Transcription",1,1,1,3.4180963088905e-06,1,1,1,1,1,0.853351693818759,1,0.588842495701261,1,8.12046355234311e-07,1
"Defective B3GALTL causes Peters-plus syndrome (PpS)",0.973385125703499,0.962704013520131,1,1,0.945566663474601,0.878576387565657,0.953669590100822,0.966813171481019,0.348342682123449,0.830718114136172,0.746111813052388,1,1,0.944638665282935,0.841541404656489
"Interleukin-3, 5 and GM-CSF signaling",0.921251407091753,0.838616187500603,1,1,1,0.884698710906838,0.243154009965696,1,0.493480144604868,1,0.778985982256586,1,0.824973432503954,0.92258318159625,1
"O-linked glycosylation",1,0.838616187500603,0.830041469265514,0.868932761206216,0.90299778207443,1,0.89717484739742,0.966813171481019,0.812106748898698,1,0.970525389711282,0.781044548100665,0.726591343041619,0.854153694298364,0.315220287949592
"O-glycosylation of TSR domain-containing proteins",0.973385125703499,0.962704013520131,1,1,0.945566663474601,0.878576387565657,0.953669590100822,0.966813171481019,0.348342682123449,0.830718114136172,0.746111813052388,1,1,0.944638665282935,0.841541404656489
"VEGFR2 mediated cell proliferation",0.921251407091753,0.838616187500603,1,1,1,0.968104315279647,0.155148915266651,1,0.340174077889403,1,0.793531550367015,1,0.818624383491669,0.956645453154011,1
"Positive epigenetic regulation of rRNA expression",1,1,1,0.000525747999725825,1,1,0.848935573882135,1,1,0.726160774246008,1,0.389881256229225,1,7.01356677804408e-08,1
"B-WICH complex positively regulates rRNA expression",1,1,1,0.000299183880524186,1,1,0.782817625881977,1,1,0.726160774246008,1,0.347341200276236,1,2.70542849467967e-08,1
"Negative epigenetic regulation of rRNA expression",1,1,1,0.000351689357465552,1,1,1,1,1,0.726160774246008,1,0.21497718109338,1,2.70542849467967e-08,1
"Myogenesis",1,0.999804251312358,0.800775121328508,1,1,0.878576387565657,1,1,1,0.929469498654131,1,1,1,1,0.95532844379529
"Diseases of Immune System",1,1,1,1,0.90299778207443,1,0.81366665221281,1,7.48358151958771e-07,1,0.767455918976054,0.781044548100665,1,0.36538908259149,1
"DNA methylation",1,1,1,0.000351689357465552,1,1,1,1,1,0.726160774246008,1,0.414849486152725,1,2.70542849467967e-08,1
"Fatty acid, triacylglycerol, and ketone body metabolism",1,1,1,1,1,0.865115669986252,0.402794815399206,0.77396864983529,0.690805874243145,0.997048169789662,0.909647441566898,0.956470819584635,1,1,1
"Programmed Cell Death",1,1,1,0.429484681116561,0.966257784804223,1,0.0795894433937689,1,0.543063259681416,0.929469498654131,0.699075600671349,0.781044548100665,1,1,1
"Signaling by Hedgehog",1,0.597200896268179,0.752959696374978,0.000136924010306616,1,1,0.339864554125904,1,1,0.967524523336378,1,0.784186274125806,0.993004839365602,0.234581772307784,0.833332549641269
"Signaling by Retinoic Acid",1,1,1,0.941742957688865,0.852791930724751,1,0.81366665221281,1,0.779433151863151,1,1,0.886884275200993,1,1,0.572099108880357
"RA biosynthesis pathway",1,1,1,0.953685402830666,0.852791930724751,1,1,1,0.690805874243145,1,1,0.863706853174222,0.936784231759045,1,0.633995111159967
"Metabolism of lipids and lipoproteins",0.921251407091753,0.991154809396689,0.80675822073567,1,1,0.355736382078899,0.243154009965696,1,0.683250407876248,0.997048169789662,1,0.897412854730277,1,1,1
"Cardiac conduction",0.921251407091753,0.544617353740186,0.998690059361523,1,0.566423416729595,1,1,0.986465871230035,0.829001383508451,0.975388653810164,1,1,0.936784231759045,0.92258318159625,0.636292343348971
"Phase 0 - rapid depolarisation",0.921251407091753,0.838616187500603,1,1,0.0202517824066543,1,1,1,1,1,0.699075600671349,1,0.726591343041619,1,0.633995111159967
"Transcriptional regulation by small RNAs",1,1,1,0.000351689357465552,1,1,1,1,1,0.726160774246008,1,0.354627114529264,1,2.70542849467967e-08,1
"Ion homeostasis",1,0.482252486709344,1,1,0.887985195508888,1,0.51945161310856,0.845113034679278,1,0.994324371435758,1,0.921375191706341,0.993004839365602,0.92258318159625,0.339940313129363
"PIWI-interacting RNA (piRNA) biogenesis",1,1,1,1,0.90299778207443,1,1,1,0.779433151863151,0.997048169789662,0.872235119061451,1,1,1,1
"Diseases associated with the TLR signaling cascade",1,1,1,1,0.90299778207443,1,0.81366665221281,1,7.48358151958771e-07,1,0.767455918976054,0.781044548100665,1,0.36538908259149,1
"Hedgehog 'off' state",1,0.544617353740186,0.638566224691739,3.48116228556904e-08,1,1,0.0388828331073493,1,1,0.985205423606217,1,0.850872719110048,0.828586029791755,0.204745457686312,1
"Activation of anterior HOX genes in hindbrain development during early embryogenesis",1,1,1,0.023514550592708,1,1,1,1,1,0.929469498654131,1,0.13202522757763,1,1.46110797045708e-05,1
"Cilium Assembly",1,0.809080782118768,1,1.07705983178111e-14,1,1,0.201243101558166,1,1,1,1,1,0.822896199466943,0.456507385712203,1
"Disorders of transmembrane transporters",0.951649749954291,0.737434885009434,1,0.448407308276076,0.849061623881704,1,1,1,1,0.929469498654131,1,1,1,1,0.883352008619026
"Activation of HOX genes during differentiation",1,1,1,0.023514550592708,1,1,1,1,1,0.929469498654131,1,0.13202522757763,1,1.46110797045708e-05,1
"Intraflagellar transport",1,0.482252486709344,0.929698673252854,1.61900411176215e-20,1,1,0.0580560309486489,0.966813171481019,1,1,1,0.959206305667598,0.822896199466943,0.0137003050412912,1
"Dectin-2 family",1,0.897041313641161,1,1,1,1,1,0.966813171481019,0.00163973970153021,0.873450132394426,0.991782288283951,0.9090971493194,1,0.854153694298364,0.636292343348971
"C-type lectin receptors (CLRs)",1,1,1,1,1,1,1,1,8.26551305637947e-07,0.997048169789662,0.793609961130572,0.65128265447623,1,0.854153694298364,0.870506028148429
"RHO GTPases activate PKNs",0.973385125703499,1,1,1.20290669013585e-05,1,1,1,1,1,0.726160774246008,1,0.0697171604432431,1,4.99217244821304e-07,1
"Activated PKN1 stimulates transcription of AR (androgen receptor) regulated genes KLK2 and KLK3",0.9450760209048,1,1,3.77581359565194e-05,1,1,1,1,1,0.726160774246008,1,0.418985763889305,1,3.17153451044998e-08,1
"RHO GTPases activate IQGAPs",1,0.969215363308866,0.752959696374978,4.06621944601979e-15,1,1,0.00186539416390128,0.968716347953881,1,1,1,0.354627114529264,0.787782185856427,0.0228751670997913,1
"TP53 Regulates Metabolic Genes",1,1,0.638566224691739,0.994079859850364,1,0.948401879880456,0.0276349178147646,1,1,1,0.778985982256586,1,0.726591343041619,1,1
"Hedgehog 'on' state",0.995552494593061,0.916176170230795,1,1,1,1,1,1,1,0.929469498654131,0.778361755362858,0.981272239070455,1,1,0.621483110395427
"Regulation of TP53 Activity",1,0.969215363308866,1,1,0.968626550757117,1,0.240580170139495,1,1,1,0.699075600671349,0.497297410204116,0.790261057831926,1,1
"TP53 Regulates Transcription of Cell Death Genes",0.973385125703499,1,0.917224246586891,0.623204043318605,1,0.884698710906838,0.963527372318109,1,1,1,1,0.781044548100665,1,0.966631533783508,1
"Vesicle-mediated transport",1,0.482252486709344,0.591989176838988,0.0244322075000866,0.712221335322824,0.975324499902382,0.0855148851285766,0.855630480410869,0.141955104454273,0.997048169789662,1,0.21497718109338,1,0.87267371354743,1
"Signaling by FGFR1",0.921251407091753,0.856880845027901,1,1,1,1,1,0.533201416268488,1,1,1,1,0.765391567880823,1,1
"Signaling by FGFR2",1,0.838616187500603,1,1,0.929106823106993,0.973895793224523,1,1,1,1,0.991782288283951,1,0.993004839365602,1,1
"Diseases of signal transduction",0.973385125703499,0.969215363308866,0.607108506189429,1,1,0.743850095325499,0.166296514971999,0.623418153323383,0.610227565612001,0.726160774246008,0.998993459951011,1,0.765391567880823,1,1
"Infectious disease",1,1,0.845593362179372,1,0.852791930724751,0.920323514560849,0.800528343890747,0.966813171481019,1,1,0.793531550367015,0.69694576525558,1,0.92258318159625,1
"RHO GTPases Activate Formins",1,1,1,9.44377094216287e-09,1,1,0.0388828331073493,1,1,0.997048169789662,1,0.148566294512795,0.726591343041619,0.166903796412683,1
"TNFR2 non-canonical NF-kB pathway",0.989663863940107,1,0.830041469265514,1,1,0.948401879880456,0.581294361092448,0.966813171481019,1,0.929469498654131,1,0.927751432806354,1,1,1
"Diseases of metabolism",0.973385125703499,0.482252486709344,1,1,0.986570018123903,1,1,0.966813171481019,0.220128576305295,0.929469498654131,0.984633980251676,0.959206305667598,1,0.92258318159625,1
"TNFs bind their physiological receptors",0.995552494593061,0.916176170230795,0.732181700795916,1,1,0.856284043820866,0.89717484739742,0.77396864983529,1,0.994324371435758,1,0.921375191706341,1,1,1
"RAF/MAP kinase cascade",0.921251407091753,0.838616187500603,1,1,1,0.948401879880456,0.243154009965696,1,0.493480144604868,1,0.767455918976054,1,0.848670067684616,0.937899282618852,1
"MAPK family signaling cascades",0.921251407091753,0.838616187500603,1,1,1,0.948401879880456,0.269143417212219,0.993341722894549,0.610227565612001,1,0.699075600671349,0.959206305667598,0.941671005741709,0.92258318159625,1
"Surfactant metabolism",1,0.963630396841598,1,0.942968716197682,0.49201541306836,0.948401879880456,1,1,0.493480144604868,1,0.991782288283951,1,1,1,1
"MAPK1/MAPK3 signaling",0.92773034617844,0.756610777196029,1,1,1,0.974494496892179,0.151426571271819,1,0.493480144604868,1,0.719653216999229,1,0.822896199466943,0.944638665282935,1
"Regulation of TLR by endogenous ligand",1,1,1,1,0.939041281915789,1,1,1,1.46165105728328e-19,1,0.778361755362858,0.979885104698821,1,1,1
"MAPK6/MAPK4 signaling",0.973385125703499,1,0.909269694674426,0.188667202835628,1,0.929043014412057,1,0.966813171481019,1,0.892862492522819,0.699075600671349,0.148566294512795,1,0.92258318159625,1
"Deubiquitination",0.995552494593061,1,0.835691405326445,0.464218246905225,1,1,0.276554439876723,1,1,0.95982886716971,0.773471934644734,0.158165370634289,0.848670067684616,0.12093070104683,1
"UCH proteinases",0.992103849471699,1,1,0.166813448765339,0.923094791540416,0.975324499902382,0.581968701909765,1,1,0.929469498654131,1,0.9090971493194,1,0.0194556070084611,1
"Ub-specific processing proteases",1,1,0.830041469265514,0.397733964351754,1,1,0.354302808766576,1,1,0.929469498654131,0.699075600671349,0.0931300335676245,0.787782185856427,0.0275282603811722,1
"DNA Double-Strand Break Repair",1,1,1,0.0579203182639338,1,1,0.359579040807199,1,1,1,1,0.0592884472457965,1,0.00181124754369584,1
"Homology Directed Repair",1,1,1,0.0266350288365713,1,1,0.669312047669773,1,1,1,1,0.2334696171586,1,0.000350499037613149,1
"Recruitment and ATM-mediated phosphorylation of repair and signaling proteins at DNA double strand breaks",1,1,1,0.0299665437371612,1,1,1,1,1,1,1,0.27766324207587,1,0.000145224740591612,1
"HDR through Homologous Recombination (HR) or Single Strand Annealing (SSA)",1,1,1,0.0266350288365713,1,1,0.669312047669773,1,1,1,1,0.2334696171586,1,0.000350499037613149,1
"Nonhomologous End-Joining (NHEJ)",1,1,1,0.0170046857529096,1,1,1,1,1,1,1,0.660556241706717,1,3.26324726517449e-05,1
"DNA Double Strand Break Response",1,1,1,0.0507219056393784,1,1,0.642323758588932,1,1,1,1,0.2334696171586,1,0.000466859033705138,1
"Processing of DNA double-strand break ends",0.999283201967831,1,1,0.101013383571267,1,1,0.936746644457947,1,1,1,1,0.65518982789128,1,0.000866230253351216,1
"Post-translational protein modification",1,1,0.789540251722422,0.0998166519505453,1,1,0.0093266326314953,1,0.56416229529749,1,1,0.0523604309427589,0.764292392698973,0.280570014177187,0.761610580918939
"Deposition of new CENPA-containing nucleosomes at the centromere",1,1,1,0.00254737173817489,1,1,1,1,1,0.853351693818759,1,0.171638798882648,1,2.70542849467967e-08,1
"Interleukin-6 family signaling",1,0.838616187500603,0.582184544694876,1,1,1,0.523620750978141,0.632265766837572,1,0.948916617695249,0.778985982256586,0.077495318327411,0.759427439575813,1,1
"Interleukin-10 signaling",1,1,1,1,1,1,0.00216083553134137,1,1.35779249473988e-24,1,0.699075600671349,1,1,1,1
"Interleukin-4 and 13 signaling",1,1,0.752959696374978,1,1,1,0.00174172510552221,0.934136563042651,2.8904617579608e-05,1,0.699075600671349,0.877967595848767,1,1,1
"Histidine, lysine, phenylalanine, tyrosine, proline and tryptophan catabolism",1,0.743107792494654,1,1,0.814403675844228,1,0.751380156962169,0.0525499077756009,0.720992968164056,0.802674325057131,0.991782288283951,0.888282650414621,1,1,1
"TP53 Regulates Transcription of Cell Cycle Genes",1,0.661802364234132,1,0.0051423762936614,1,0.828929845644474,4.18646572045796e-06,0.993341722894549,0.939712128217711,1,0.856103177053188,1,1,0.92258318159625,1
"Interactions of neurexins and neuroligins at synapses",0.973385125703499,1,0.961673263150878,0.984311448604304,0.733032839940415,0.842747819271451,1,0.643583842921317,0.720992968164056,0.844633445038524,0.991782288283951,1,0.993501734111871,0.92258318159625,1
"Protein-protein interactions at synapses",0.960901742018022,0.962684274506477,0.917224246586891,0.791754090015862,0.755871206977138,0.948401879880456,1,0.369095828445181,0.878193852346463,0.907732002383493,1,1,1,0.928479938629071,1
"Neutrophil degranulation",1,0.962704013520131,0.950817789894691,1,0.999709363621903,1,1,1,1.65449706759205e-71,0.726160774246008,0.991782288283951,1,1,1,1
"Signaling by BRAF and RAF fusions",0.973385125703499,0.051140776668593,0.998690059361523,0.312438663693616,0.814403675844228,0.975324499902382,0.273806394524385,1,0.661093050340981,1,1,1,0.726591343041619,1,1
"Oncogenic MAPK signaling",0.873518379258882,0.0977199695641024,1,0.358199466368672,0.90299778207443,0.0245969775538977,0.148834503390955,1,0.823699874176444,1,1,1,0.759427439575813,1,1
"Antimicrobial peptides",1,0.482252486709344,1,1,1,1,1,1,5.53014264532324e-17,0.011161304815154,1,1,0.876483653692091,0.92258318159625,1
"Regulation of TP53 Activity through Phosphorylation",1,1,1,1,1,1,0.484425428813563,1,1,0.994324371435758,1,0.981272239070455,0.993004839365602,0.92258318159625,0.77531106828556
"Keratinization",1,1,1,1,1,1,1,0.966813171481019,0.529307665500859,0.726160774246008,1,1,1,0.950222966960289,1
"Metabolism of fat-soluble vitamins",0.921251407091753,0.838616187500603,0.809515410910996,0.845261262564995,1,0.837777674441375,0.301914553542508,1,0.493480144604868,1,1,1,1,1,1
"Signaling by MET",1,0.986747976387307,1,1,1,1,0.819900576338843,0.859488346037822,0.941396749271611,0.929469498654131,1,1,0.992934729656219,1,0.636292343348971
"COPI-mediated anterograde transport",0.973385125703499,0.838616187500603,0.591989176838988,9.30803367438741e-10,1,1,0.000845211888127827,1,1,1,1,0.921375191706341,0.893437103117025,0.206877090074266,0.689729216340235
"Formation of the cornified envelope",1,1,1,1,0.945566663474601,1,1,1,0.493480144604868,0.844633445038524,1,1,1,0.978358389289438,1
"COPI-dependent Golgi-to-ER retrograde traffic",1,0.916176170230795,1,1.09985980580804e-08,1,1,0.0787641066859362,1,1,1,1,0.0740558178533471,0.994088277809021,0.44078017728597,0.732539791425606
"COPI-independent Golgi-to-ER retrograde traffic",1,0.916176170230795,0.764839925109303,1.1271516698794e-16,1,1,0.00420950634969207,1,0.797499312686196,1,1,0.9090971493194,0.993004839365602,0.00739882583710861,1
"Intra-Golgi and retrograde Golgi-to-ER traffic",1,0.482252486709344,1,6.80222901180931e-05,1,1,0.306636451514053,0.887069679799795,1,0.985205423606217,1,0.0697171604432431,0.903741606197283,0.180500451413068,0.937216725577124
"PI5P, PP2A and IER3 Regulate PI3K/AKT Signaling",0.938876804418432,1,1,1,1,1,1,0.795500117618629,0.184472454262784,1,0.762976440698284,1,1,1,1
"Cooperation of PDCL (PhLP1) and TRiC/CCT in G-protein beta folding",0.921251407091753,0.934495248297946,0.715716988923612,1,0.365410683335025,0.929043014412057,1,0.623418153323383,1,0.929469498654131,1,1,1,1,1
"Mitotic Prophase",0.995552494593061,1,1,0.000188671484998085,1,1,0.844820780177847,1,1,0.784202911902491,1,0.404352432296458,1,1.46110797045708e-05,1
"Mitotic Prometaphase",1,0.861175970748659,1,3.69048548496924e-07,1,1,0.000101498350351203,1,1,1,1,0.0697171604432431,0.726591343041619,0.1025376580133,0.892600895871952
"Mitotic Anaphase",1,0.916176170230795,1,7.81359316216837e-11,1,1,1.30563599133287e-05,1,1,1,1,0.158165370634289,0.726591343041619,0.103558975994104,0.922249480322024
"M Phase",1,1,1,1.48264135705967e-10,1,1,0.00799143199786263,1,1,0.929469498654131,1,0.00894581107369586,0.759427439575813,2.67039747863186e-06,1
"Cyclin E associated events during G1/S transition ",0.973385125703499,0.838616187500603,0.897149665173798,0.976318922445146,1,1,0.639280961591502,0.966813171481019,1,0.929469498654131,0.99451357972031,0.224065441228035,1,1,1
"G1/S Transition",0.989663863940107,0.962704013520131,1,0.818401588109745,1,1,0.25509188959485,1,1,0.929469498654131,1,0.000917268018173214,1,1,0.969891128191989
"Cyclin D associated events in G1",0.988697214602234,0.482252486709344,0.638566224691739,1,0.988376618865808,1,0.974297873264574,0.966813171481019,1,1,0.699075600671349,6.60402765700036e-05,1,1,1
"G1 Phase",0.988697214602234,0.482252486709344,0.638566224691739,1,0.988376618865808,1,0.974297873264574,0.966813171481019,1,1,0.699075600671349,6.60402765700036e-05,1,1,1
"S Phase",0.995552494593061,0.838616187500603,1,0.666338011208595,1,1,0.42402275029827,0.966813171481019,1,0.848575266222438,1,0.0559705695672569,1,0.978358389289438,1
"G2/M Transition",0.973385125703499,0.756892576218805,1,1.83138466686866e-08,1,1,0.000508959541560112,0.966813171481019,1,1,1,0.0056616856273514,0.992934729656219,0.221458151877836,1
"Cell Cycle, Mitotic",1,1,1,1.508510620629e-06,1,1,0.000925303841137366,1,1,0.924229737484738,1,5.75773795129663e-13,0.848670067684616,0.00209676682685619,1
"DNA Replication",1,0.923383431714299,0.992622537245051,0.922448634103104,0.929106823106993,1,0.0999728407829898,0.910230855965365,1,0.997048169789662,0.832640307771702,0.026056004372027,1,1,0.869503626090915
"G2/M DNA damage checkpoint",1,1,1,0.000831475472957726,1,1,0.877877699409339,1,1,1,1,0.450907846826236,1,0.00181416364289575,1
"G2/M Checkpoints",1,1,1,0.045073759041924,1,1,0.468499227657078,1,1,0.929469498654131,1,0.0452433114677551,1,0.0405359566058042,0.820456530339099
"Cell Cycle Checkpoints",1,1,1,0.1753398456153,1,1,0.240580170139495,1,1,0.975388653810164,1,0.0803491606622444,1,0.0624974351178888,0.841541404656489
"Glucose metabolism",1,0.797370559722531,0.950817789894691,1,1,0.974494496892179,1,1,0.030680167571692,0.993805572472628,1,1,1,0.805415060705168,0.9774843583574
"Amino acid synthesis and interconversion (transamination)",1,1,0.805014219185793,0.464218246905225,0.884205692006131,1,0.963527372318109,1,1,0.993055789971938,1,0.988795091799765,0.992934729656219,1,1
"Metabolism of amino acids and derivatives",1,1,0.950817789894691,0.857455313687588,0.852791930724751,1,0.402794815399206,0.387327714823504,1,1,0.970053251061347,0.749416271469753,1,1,0.890927782667708
"Metabolism of carbohydrates",1,0.969215363308866,0.673189453312052,1,1,0.968104315279647,1,0.966813171481019,0.00599490400779415,1,1,1,1,1,1
"RNA Polymerase I Promoter Opening",1,1,1,0.000188671484998085,1,1,1,1,1,0.726160774246008,1,0.354627114529264,1,1.31248459089728e-08,1
"RNA Polymerase I Chain Elongation",1,1,1,0.000188671484998085,1,1,1,1,1,0.726160774246008,1,0.354627114529264,1,1.31248459089728e-08,1
"RNA Polymerase I Promoter Clearance",1,1,1,0.000351689357465552,1,1,1,1,1,0.726160774246008,1,0.414849486152725,1,2.70542849467967e-08,1
"RNA Polymerase I Transcription",1,1,1,4.62165998977167e-07,1,1,1,1,1,0.825455432722083,1,0.450907846826236,1,7.01356677804408e-08,1
"Chromosome Maintenance",1,1,1,0.000583334854892113,1,1,0.96451999985276,1,1,0.750453812896256,1,0.127946860303078,1,5.77968351678434e-08,1
"DNA Repair",1,1,1,0.27842274701055,1,1,0.301914553542508,1,1,1,1,0.0697171604432431,1,0.00761500997453614,1
"Lipid digestion, mobilization, and transport",0.921251407091753,1,0.830041469265514,0.697383615728719,1,0.892944928931728,0.451968527864838,1,1,1,0.699075600671349,0.811550492382465,1,0.674157090999062,1
"Gene Expression",0.921251407091753,1,1,0.276329646267665,1,1,2.83629729665134e-05,1,1,0.994324371435758,0.00025828983537127,1,0.858369239096864,0.245032366713431,1
"Insulin receptor signalling cascade",0.921251407091753,0.838616187500603,1,1,1,0.956092569580372,0.269143417212219,0.970693793071425,0.493480144604868,1,0.699075600671349,1,0.765391567880823,0.986544356129293,1
"Signaling by Insulin receptor",0.921251407091753,0.838616187500603,1,1,1,0.948401879880456,0.301914553542508,0.993341722894549,0.493480144604868,1,0.719653216999229,1,0.787782185856427,1,1
"Fatty Acyl-CoA Biosynthesis",1,1,1,1,1,0.743850095325499,0.819900576338843,0.845113034679278,1,0.985205423606217,1,1,1,1,1
"Triglyceride Biosynthesis",0.995552494593061,1,1,1,1,0.743850095325499,0.982975194536778,0.605478940947913,1,1,1,1,1,1,1
"Apoptotic execution  phase",1,1,0.806552173574868,0.300441977929739,1,1,0.0295918570438942,1,1,0.309736382839365,0.830860433515881,0.82979750947766,1,1,1
"Platelet Adhesion to exposed collagen",1,0.962921043081967,0.80675822073567,1,1,1,0.731120655081314,1,0.655724535279611,0.297714684739728,1,0.9090971493194,0.764292392698973,0.96961492872917,1
"Platelet activation, signaling and aggregation",1,0.916176170230795,1,1,0.926598453815906,1,1,1,0.000524490461972454,0.929469498654131,1,0.981272239070455,0.994088277809021,0.966631533783508,1
"Response to elevated platelet cytosolic Ca2+",1,1,1,1,0.871883548864749,1,1,1,0.000181265361024122,0.865506412421829,1,1,1,0.999130557174897,0.922249480322024
"Platelet Aggregation (Plug Formation)",1,0.482252486709344,0.752959696374978,1,1,1,0.671948279478737,1,1,1,1,1,0.790261057831926,1,0.903790041921197
"Nucleosome assembly",1,1,1,0.00254737173817489,1,1,1,1,1,0.853351693818759,1,0.171638798882648,1,2.70542849467967e-08,1
"Interferon gamma signaling",1,1,1,1,1,0.948401879880456,0.333221650961192,1,0.85359141510239,1,0.80075097372791,0.238784370332015,1,0.966631533783508,1
"Gastrin-CREB signalling pathway via PKC and MAPK",0.938876804418432,1,1,1,1,1,0.877877699409339,0.893239179502612,0.31246834952644,1,0.699075600671349,1,1,0.944638665282935,1
"Signaling by PTK6",0.433338824765049,0.875161432786707,0.80675822073567,1,1,0.0795005068065732,0.195670943677276,1,0.229581687084816,1,0.762976440698284,0.89396850501489,0.993004839365602,1,1
"The role of GTSE1 in G2/M progression after G2 checkpoint",1,0.835769928334708,0.800775121328508,5.107544152017e-16,1,1,6.08120339623622e-05,1,1,1,0.993288769285182,0.9090971493194,1,0.0481020851597581,0.960831421697738
"RET signaling",0.921251407091753,0.838616187500603,1,1,1,0.856284043820866,0.351728440172466,1,0.565350243960184,1,0.778361755362858,1,0.790261057831926,0.966177894995974,1
"Golgi-to-ER retrograde transport",1,0.969215363308866,1,1.02412066912902e-07,1,1,0.158259466040796,1,1,1,1,0.123892103263301,1,0.583561530590291,0.77531106828556
"Cargo recognition for clathrin-mediated endocytosis",1,0.838616187500603,1,0.770911836704733,0.983441203546768,0.777579913015818,1,1,1,0.96138765143272,1,0.681033325877538,1,0.47295754231973,1
"Clathrin-mediated endocytosis",1,0.923383431714299,0.827036954570265,0.766523031331249,1,0.680914347463731,1,0.893239179502612,1,0.993805572472628,1,0.829703738415228,1,0.92258318159625,1
"Transcriptional regulation by the AP-2 (TFAP2) family of transcription factors",0.988697214602234,0.962684274506477,0.994609909172335,1,1,1,0.016288151161718,0.369095828445181,0.725701910143724,0.997048169789662,1,0.699886442148784,1,1,1
"RAB geranylgeranylation",1,0.824272123950025,0.993966966531374,1,0.951570618096504,1,1,0.966813171481019,0.610227565612001,0.892862492522819,1,0.450907846826236,1,0.979438503693481,1
"MET activates PTK2 signaling",1,1,1,1,1,1,0.672447947131454,0.966813171481019,0.763273801738277,0.929469498654131,1,1,0.993004839365602,1,0.77531106828556
"MET promotes cell motility",1,1,0.95500229041377,1,1,1,0.663797475066431,0.966813171481019,0.862059477942628,0.907732002383493,1,1,0.893338465320171,1,0.870506028148429
"RAB GEFs exchange GTP for GDP on RABs",1,0.482252486709344,0.639070088156682,1,0.852791930724751,0.931016947080347,0.477788941146971,0.533201416268488,0.493480144604868,1,1,0.269692071765572,0.787782185856427,1,1
"Collagen chain trimerization",1,0.962921043081967,1,1,0.988376618865808,1,0.81366665221281,1,1,1,0.778361755362858,1,0.740807621983679,0.92258318159625,0.922249480322024
"Interferon alpha/beta signaling",1,1,0.833800050417594,1,1,0.743850095325499,0.639280961591502,1,1,1,0.858796956692643,0.9090971493194,1,1,1
"Meiotic recombination",1,1,1,0.000639928447846905,1,1,1,1,1,0.784202911902491,1,0.450907846826236,1,9.11976810059054e-08,1
"Interleukin receptor SHC signaling",0.921251407091753,0.838616187500603,1,1,1,0.948401879880456,0.269143417212219,1,0.493480144604868,1,0.778361755362858,1,0.797645289123319,0.92258318159625,1
"Interferon Signaling",1,1,1,1,1,0.743850095325499,0.301914553542508,1,1,1,0.699075600671349,0.2334696171586,1,1,1
"O-linked glycosylation of mucins",1,1,1,0.600861148473596,0.920799376633248,1,0.776644700141637,0.934526037004076,1,1,1,0.82979750947766,0.787782185856427,0.92258318159625,0.142813699601093
"Iron uptake and transport",0.921251407091753,0.849299147093749,1,1,0.852791930724751,1,1,0.845113034679278,1,0.929469498654131,1,1,1,1,1
"Ion transport by P-type ATPases",1,0.838616187500603,1,0.993783004880815,0.920799376633248,1,0.751380156962169,0.749696128826891,1,0.985205423606217,0.954447524366043,0.999536822959214,0.993004839365602,0.92258318159625,0.633995111159967
"TRIF-mediated TLR3/TLR4 signaling ",0.973385125703499,1,1,0.623204043318605,1,1,0.25509188959485,0.966813171481019,0.0990352550929176,1,0.699075600671349,1,1,0.488043882916193,1
"Transport to the Golgi and subsequent modification",0.976143021888545,0.838616187500603,0.246582604612389,0.000121635922679742,1,1,0.00470182892160113,1,1,1,1,0.89396850501489,1,0.787913524674316,0.633995111159967
"TRAF6 mediated induction of NFkB and MAP kinases upon TLR7/8 or 9 activation",0.941274463045623,1,0.994609909172335,0.67222219442937,1,0.948401879880456,0.301914553542508,0.966813171481019,0.0355753271269187,0.997048169789662,0.762393769336534,1,1,0.854153694298364,1
"MyD88 dependent cascade initiated on endosome",0.941274463045623,1,0.994609909172335,0.67222219442937,1,0.948401879880456,0.301914553542508,0.966813171481019,0.0355753271269187,0.997048169789662,0.762393769336534,1,1,0.854153694298364,1
"Retinoid metabolism and transport",0.898499064573477,0.838616187500603,0.752959696374978,1,1,0.743850095325499,0.639280961591502,1,0.418317894509814,1,1,1,1,1,1
"MyD88 cascade initiated on plasma membrane",0.973385125703499,1,0.844267941877808,0.550968922168587,1,0.975324499902382,0.291180717049152,1,0.568403746943306,1,0.991782288283951,1,1,0.381961191807142,1
"Termination of O-glycan biosynthesis",0.941274463045623,0.756892576218805,1,0.86918241269489,1,1,1,0.856483431834929,1,1,1,1,1,0.937899282618852,0.270178575680537
"Amyloid fiber formation",1,1,1,0.0111714396263122,0.735212626004643,1,1,1,0.340174077889403,0.0311334027405828,1,0.256831276113949,1,0.000109822893489628,1
"GABA receptor activation",0.938876804418432,0.838616187500603,0.732399537372303,0.854099334844855,1,0.948401879880456,1,0.859488346037822,1,0.0171558992679926,1,0.588842495701261,0.759427439575813,1,1
"GABA B receptor activation",0.921251407091753,0.692385435554933,0.638566224691739,1,1,1,1,0.845113034679278,1,0.297714684739728,1,1,0.946660786015837,1,1
"Regulation of Complement cascade",1,0.809080782118768,0.752959696374978,1,0.840655676296529,1,0.857075162036797,1,0.0355753271269187,1,0.991782288283951,1,0.993501734111871,0.92258318159625,1
"Growth hormone receptor signaling",1,1,0.638566224691739,1,1,1,0.852201835882609,0.77396864983529,1,1,1,1,1,0.583999238241171,1
"Antigen processing: Ubiquitination & Proteasome degradation",1,0.96276487877581,0.732181700795916,0.166813448765339,0.00489691075342344,1,0.51929043515262,1,1,1,0.699075600671349,1,0.726591343041619,1,1
"Class I MHC mediated antigen processing & presentation",1,1,0.750493216478283,0.464218246905225,0.00418089111507911,1,0.668070747383927,1,0.138595860951468,1,0.699075600671349,1,0.726591343041619,1,1
"Kinesins",1,0.916176170230795,1,1.71934392898215e-09,1,1,0.0379664963232499,1,1,1,1,0.0491464514626389,0.941671005741709,0.256627546071512,1
"Factors involved in megakaryocyte development and platelet production",1,1,1,0.000462951076211172,1,1,0.150791036262967,1,1,0.985205423606217,1,0.0697171604432431,0.783747136171486,0.92258318159625,1
"Signaling by the B Cell Receptor (BCR)",1,1,0.993966966531374,1,1,1,0.417519171140256,0.845113034679278,0.493480144604868,1,0.699075600671349,1,0.824869723883801,0.86943570921394,1
"Ion channel transport",1,0.919420158054976,1,1,1,1,1,0.898113120676203,1,0.853351693818759,1,0.942964541216242,0.96760519764708,0.92258318159625,0.636292343348971
"Activation of GABAB receptors",0.921251407091753,0.692385435554933,0.638566224691739,1,1,1,1,0.845113034679278,1,0.297714684739728,1,1,0.946660786015837,1,1
